arm,size,pct_line,offered,returned,missing,client_imissed,client_loss_pct,dut_lost,dut_loss_pct,raw_loss_pct
fsA_bigbuf,64,1.00,4744789,4701384,43405,23704,0.4996,19701,0.4152,0.9148
fsA_bigbuf,64,2.00,9461524,9402996,58528,18766,0.1983,39762,0.4202,0.6186
fsA_bigbuf,64,3.00,14160400,14077050,83350,14642,0.1034,68708,0.4852,0.5886
fsA_bigbuf,64,4.00,18865496,18788960,76536,0,0.0,76536,0.4057,0.4057
fsA_bigbuf,64,5.00,23560349,23461773,98576,0,0.0,98576,0.4184,0.4184
fsA_bigbuf,64,6.00,28265297,25928521,2336776,1391,0.0049,2335385,8.2624,8.2673
fsA_bigbuf,64,8.00,37671766,25945360,11726406,0,0.0,11726406,31.1278,31.1278
fsA_bigbuf,64,10.00,47073296,25942096,21131200,0,0.0,21131200,44.89,44.8900
fsA_bigbuf,64,12.00,56477400,25960064,30517336,0,0.0,30517336,54.0346,54.0346
fsA_bigbuf,64,15.00,70584193,25899302,44684891,3034,0.0043,44681857,63.3029,63.3072
fsA_bigbuf,64,20.00,94094996,25932160,68162836,5984,0.0064,68156852,72.4341,72.4404
fsA_bigbuf,64,30.00,141118692,25906520,115212172,8040,0.0057,115204132,81.6363,81.6420
fsA_bigbuf,128,1.00,2652638,2642436,10202,0,0.0,10202,0.3846,0.3846
fsA_bigbuf,128,2.00,5264800,5241811,22989,337,0.0064,22652,0.4303,0.4367
fsA_bigbuf,128,3.00,7877446,7847635,29811,0,0.0,29811,0.3784,0.3784
fsA_bigbuf,128,4.00,10502506,10458718,43788,3314,0.0316,40474,0.3854,0.4169
fsA_bigbuf,128,5.00,13112823,13061449,51374,0,0.0,51374,0.3918,0.3918
fsA_bigbuf,128,6.00,15721411,15658685,62726,0,0.0,62726,0.399,0.3990
fsA_bigbuf,128,8.00,20950570,20863817,86753,0,0.0,86753,0.4141,0.4141
fsA_bigbuf,128,10.00,26179207,25507606,671601,0,0.0,671601,2.5654,2.5654
fsA_bigbuf,128,12.00,31398892,25461264,5937628,0,0.0,5937628,18.9103,18.9103
fsA_bigbuf,128,15.00,39240705,25489408,13751297,0,0.0,13751297,35.0435,35.0435
fsA_bigbuf,128,20.00,52299589,25451536,26848053,0,0.0,26848053,51.3351,51.3351
fsA_bigbuf,128,30.00,78426312,25460044,52966268,2380,0.003,52963888,67.5333,67.5363
fsA_bigbuf,256,1.00,1404298,1399248,5050,0,0.0,5050,0.3596,0.3596
fsA_bigbuf,256,2.00,2808659,2799158,9501,0,0.0,9501,0.3383,0.3383
fsA_bigbuf,256,3.00,4181046,4161019,20027,3588,0.0858,16439,0.3932,0.4790
fsA_bigbuf,256,4.00,5574292,5554096,20196,236,0.0042,19960,0.3581,0.3623
fsA_bigbuf,256,5.00,6968411,6943226,25185,0,0.0,25185,0.3614,0.3614
fsA_bigbuf,256,6.00,8919026,7785422,1133604,477298,5.3515,656306,7.3585,12.7100
fsA_bigbuf,256,8.00,11123870,11080898,42972,0,0.0,42972,0.3863,0.3863
fsA_bigbuf,256,10.00,13882396,13828497,53899,117,0.0008,53782,0.3874,0.3883
fsA_bigbuf,256,12.00,16645815,16579720,66095,0,0.0,66095,0.3971,0.3971
fsA_bigbuf,256,15.00,20798116,20712386,85730,0,0.0,85730,0.4122,0.4122
fsA_bigbuf,256,20.00,27710034,24207883,3502151,0,0.0,3502151,12.6386,12.6386
fsA_bigbuf,256,30.00,41544373,24240592,17303781,0,0.0,17303781,41.6513,41.6513
fsA_bigbuf,512,1.00,723466,721823,1643,0,0.0,1643,0.2271,0.2271
fsA_bigbuf,512,2.00,1447000,1443193,3807,0,0.0,3807,0.2631,0.2631
fsA_bigbuf,512,3.00,2171625,2165729,5896,0,0.0,5896,0.2715,0.2715
fsA_bigbuf,512,4.00,2894768,2886669,8099,0,0.0,8099,0.2798,0.2798
fsA_bigbuf,512,5.00,3617204,3606801,10403,0,0.0,10403,0.2876,0.2876
fsA_bigbuf,512,6.00,4307985,4290021,17964,3349,0.0777,14615,0.3393,0.4170
fsA_bigbuf,512,8.00,5744869,5726507,18362,0,0.0,18362,0.3196,0.3196
fsA_bigbuf,512,10.00,7781126,6852120,929006,497454,6.3931,431552,5.5461,11.9392
fsA_bigbuf,512,12.00,8593130,8564487,28643,0,0.0,28643,0.3333,0.3333
fsA_bigbuf,512,15.00,10741047,10705267,35780,0,0.0,35780,0.3331,0.3331
fsA_bigbuf,512,20.00,14303544,14248010,55534,4612,0.0322,50922,0.356,0.3883
fsA_bigbuf,512,30.00,21427320,21335617,91703,3887,0.0181,87816,0.4098,0.4280
fsA_bigbuf,1024,1.00,368388,367619,769,0,0.0,769,0.2087,0.2087
fsA_bigbuf,1024,2.00,734777,733988,789,0,0.0,789,0.1074,0.1074
fsA_bigbuf,1024,3.00,1101875,1100390,1485,0,0.0,1485,0.1348,0.1348
fsA_bigbuf,1024,4.00,1469167,1467027,2140,0,0.0,2140,0.1457,0.1457
fsA_bigbuf,1024,5.00,1836522,1833673,2849,0,0.0,2849,0.1551,0.1551
fsA_bigbuf,1024,6.00,2203814,2200292,3522,0,0.0,3522,0.1598,0.1598
fsA_bigbuf,1024,8.00,2938328,2933375,4953,0,0.0,4953,0.1686,0.1686
fsA_bigbuf,1024,10.00,3672840,3666385,6455,0,0.0,6455,0.1757,0.1757
fsA_bigbuf,1024,12.00,4373804,4365788,8016,0,0.0,8016,0.1833,0.1833
fsA_bigbuf,1024,15.00,5473942,5463458,10484,0,0.0,10484,0.1915,0.1915
fsA_bigbuf,1024,20.00,7289610,7274530,15080,0,0.0,15080,0.2069,0.2069
fsA_bigbuf,1024,30.00,10905786,10879349,26437,0,0.0,26437,0.2424,0.2424
fsA_bigbuf,1280,1.00,294756,294756,0,0,0.0,0,0.0,0.0000
fsA_bigbuf,1280,2.00,589446,589200,246,0,0.0,246,0.0417,0.0417
fsA_bigbuf,1280,3.00,884204,883553,651,0,0.0,651,0.0736,0.0736
fsA_bigbuf,1280,4.00,1178961,1177941,1020,0,0.0,1020,0.0865,0.0865
fsA_bigbuf,1280,5.00,1473782,1472379,1403,0,0.0,1403,0.0952,0.0952
fsA_bigbuf,1280,6.00,1768538,1766725,1813,0,0.0,1813,0.1025,0.1025
fsA_bigbuf,1280,8.00,2360454,2357875,2579,0,0.0,2579,0.1093,0.1093
fsA_bigbuf,1280,10.00,2947446,2943514,3932,0,0.0,3932,0.1334,0.1334
fsA_bigbuf,1280,12.00,3536936,3532637,4299,0,0.0,4299,0.1215,0.1215
fsA_bigbuf,1280,15.00,4387546,4381850,5696,0,0.0,5696,0.1298,0.1298
fsA_bigbuf,1280,20.00,5849707,5841503,8204,0,0.0,8204,0.1402,0.1402
fsA_bigbuf,1280,30.00,8752117,8737647,14470,0,0.0,14470,0.1653,0.1653
fsA_bigbuf,1514,1.00,249584,249584,0,0,0.0,0,0.0,0.0000
fsA_bigbuf,1514,2.00,499297,499289,8,0,0.0,8,0.0016,0.0016
fsA_bigbuf,1514,3.00,748947,748680,267,0,0.0,267,0.0357,0.0357
fsA_bigbuf,1514,4.00,998661,998160,501,0,0.0,501,0.0502,0.0502
fsA_bigbuf,1514,5.00,1248246,1247526,720,0,0.0,720,0.0577,0.0577
fsA_bigbuf,1514,6.00,1497960,1496978,982,0,0.0,982,0.0656,0.0656
fsA_bigbuf,1514,8.00,1997322,1995816,1506,0,0.0,1506,0.0754,0.0754
fsA_bigbuf,1514,10.00,2496682,2494693,1989,0,0.0,1989,0.0797,0.0797
fsA_bigbuf,1514,12.00,2995910,2993360,2550,0,0.0,2550,0.0851,0.0851
fsA_bigbuf,1514,15.00,3744978,3741540,3438,0,0.0,3438,0.0918,0.0918
fsA_bigbuf,1514,20.00,4955121,4950086,5035,0,0.0,5035,0.1016,0.1016
fsA_bigbuf,1514,30.00,7432392,7423484,8908,0,0.0,8908,0.1199,0.1199
fsB_bigbuf,64,1.00,4745912,4712794,33118,3724,0.0785,29394,0.6194,0.6978
fsB_bigbuf,64,2.00,9451824,9410787,41037,0,0.0,41037,0.4342,0.4342
fsB_bigbuf,64,3.00,14161170,14101035,60135,0,0.0,60135,0.4246,0.4246
fsB_bigbuf,64,4.00,18865689,14910172,3955517,520,0.0028,3954997,20.964,20.9667
fsB_bigbuf,64,5.00,23560798,14929825,8630973,0,0.0,8630973,36.6328,36.6328
fsB_bigbuf,64,6.00,28265620,14927039,13338581,0,0.0,13338581,47.1901,47.1901
fsB_bigbuf,64,8.00,37671962,14927360,22744602,0,0.0,22744602,60.3754,60.3754
fsB_bigbuf,64,10.00,47073679,14917950,32155729,98,0.0002,32155631,68.3092,68.3094
fsB_bigbuf,64,12.00,56479382,14930680,41548702,0,0.0,41548702,73.5644,73.5644
fsB_bigbuf,64,15.00,70582356,14917649,55664707,343,0.0005,55664364,78.8644,78.8649
fsB_bigbuf,64,20.00,94097874,14913168,79184706,0,0.0,79184706,84.1514,84.1514
fsB_bigbuf,64,30.00,141115984,14897464,126218520,0,0.0,126218520,89.4431,89.4431
fsB_bigbuf,128,1.00,2652575,2641065,11510,0,0.0,11510,0.4339,0.4339
fsB_bigbuf,128,2.00,5264770,5237182,27588,0,0.0,27588,0.524,0.5240
fsB_bigbuf,128,3.00,7878263,7843320,34943,0,0.0,34943,0.4435,0.4435
fsB_bigbuf,128,4.00,10502184,10458905,43279,0,0.0,43279,0.4121,0.4121
fsB_bigbuf,128,5.00,13111024,13055956,55068,0,0.0,55068,0.42,0.4200
fsB_bigbuf,128,6.00,15721348,14757460,963888,0,0.0,963888,6.1311,6.1311
fsB_bigbuf,128,8.00,20950510,14754584,6195926,0,0.0,6195926,29.5741,29.5741
fsB_bigbuf,128,10.00,26179278,14747448,11431830,0,0.0,11431830,43.6675,43.6675
fsB_bigbuf,128,12.00,31398893,14765224,16633669,0,0.0,16633669,52.9753,52.9753
fsB_bigbuf,128,15.00,39235638,14744856,24490782,0,0.0,24490782,62.4197,62.4197
fsB_bigbuf,128,20.00,52299465,14741936,37557529,0,0.0,37557529,71.8125,71.8125
fsB_bigbuf,128,30.00,78419854,14745444,63674410,476,0.0006,63673934,81.1962,81.1968
fsB_bigbuf,256,1.00,1404363,1399417,4946,0,0.0,4946,0.3522,0.3522
fsB_bigbuf,256,2.00,2809831,2799384,10447,0,0.0,10447,0.3718,0.3718
fsB_bigbuf,256,3.00,4180755,4164722,16033,0,0.0,16033,0.3835,0.3835
fsB_bigbuf,256,4.00,5574288,5552578,21710,0,0.0,21710,0.3895,0.3895
fsB_bigbuf,256,5.00,6970796,6943160,27636,0,0.0,27636,0.3965,0.3965
fsB_bigbuf,256,6.00,8340315,8304905,35410,1912,0.0229,33498,0.4016,0.4246
fsB_bigbuf,256,8.00,11120733,11074727,46006,0,0.0,46006,0.4137,0.4137
fsB_bigbuf,256,10.00,13882588,13822719,59869,1009,0.0073,58860,0.424,0.4313
fsB_bigbuf,256,12.00,16645622,14470163,2175459,0,0.0,2175459,13.0693,13.0693
fsB_bigbuf,256,15.00,20797218,14481200,6316018,66,0.0003,6315952,30.3692,30.3695
fsB_bigbuf,256,20.00,27711905,14502455,13209450,1816,0.0066,13207634,47.6605,47.6671
fsB_bigbuf,256,30.00,41563854,14493718,27070136,7202,0.0173,27062934,65.1117,65.1290
fsB_bigbuf,512,1.00,723467,720746,2721,0,0.0,2721,0.3761,0.3761
fsB_bigbuf,512,2.00,1447001,1442274,4727,0,0.0,4727,0.3267,0.3267
fsB_bigbuf,512,3.00,2170273,2162974,7299,0,0.0,7299,0.3363,0.3363
fsB_bigbuf,512,4.00,2893867,2883927,9940,0,0.0,9940,0.3435,0.3435
fsB_bigbuf,512,5.00,3617204,3604534,12670,0,0.0,12670,0.3503,0.3503
fsB_bigbuf,512,6.00,4307559,4292153,15406,0,0.0,15406,0.3577,0.3577
fsB_bigbuf,512,8.00,5743242,5718743,24499,0,0.0,24499,0.4266,0.4266
fsB_bigbuf,512,10.00,7179319,7150530,28789,1739,0.0242,27050,0.3768,0.4010
fsB_bigbuf,512,12.00,8592819,8559550,33269,0,0.0,33269,0.3872,0.3872
fsB_bigbuf,512,15.00,10740918,10697729,43189,0,0.0,43189,0.4021,0.4021
fsB_bigbuf,512,20.00,14302710,13847988,454722,489,0.0034,454233,3.1759,3.1793
fsB_bigbuf,512,30.00,21442211,13783073,7659138,41839,0.1951,7617299,35.5248,35.7199
fsB_bigbuf,1024,1.00,367486,366173,1313,0,0.0,1313,0.3573,0.3573
fsB_bigbuf,1024,2.00,734582,732838,1744,0,0.0,1744,0.2374,0.2374
fsB_bigbuf,1024,3.00,1102185,1098743,3442,0,0.0,3442,0.3123,0.3123
fsB_bigbuf,1024,4.00,1469150,1465079,4071,0,0.0,4071,0.2771,0.2771
fsB_bigbuf,1024,5.00,1838204,1833117,5087,0,0.0,5087,0.2767,0.2767
fsB_bigbuf,1024,6.00,2203748,2197672,6076,0,0.0,6076,0.2757,0.2757
fsB_bigbuf,1024,8.00,2938197,2929839,8358,0,0.0,8358,0.2845,0.2845
fsB_bigbuf,1024,10.00,3672966,3662222,10744,0,0.0,10744,0.2925,0.2925
fsB_bigbuf,1024,12.00,4373806,4360579,13227,0,0.0,13227,0.3024,0.3024
fsB_bigbuf,1024,15.00,5467171,5449970,17201,0,0.0,17201,0.3146,0.3146
fsB_bigbuf,1024,20.00,7289608,7264939,24669,191,0.0026,24478,0.3358,0.3384
fsB_bigbuf,1024,30.00,10910356,10848533,61823,19470,0.1785,42353,0.3882,0.5666
fsB_bigbuf,1280,1.00,294821,294407,414,0,0.0,414,0.1404,0.1404
fsB_bigbuf,1280,2.00,589446,588238,1208,0,0.0,1208,0.2049,0.2049
fsB_bigbuf,1280,3.00,884269,882350,1919,0,0.0,1919,0.217,0.2170
fsB_bigbuf,1280,4.00,1178961,1176295,2666,0,0.0,2666,0.2261,0.2261
fsB_bigbuf,1280,5.00,1473717,1470259,3458,0,0.0,3458,0.2346,0.2346
fsB_bigbuf,1280,6.00,1768473,1764257,4216,0,0.0,4216,0.2384,0.2384
fsB_bigbuf,1280,8.00,2357984,2352137,5847,0,0.0,5847,0.248,0.2480
fsB_bigbuf,1280,10.00,2947425,2939874,7551,0,0.0,7551,0.2562,0.2562
fsB_bigbuf,1280,12.00,3536928,3527602,9326,0,0.0,9326,0.2637,0.2637
fsB_bigbuf,1280,15.00,4387226,4375112,12114,0,0.0,12114,0.2761,0.2761
fsB_bigbuf,1280,20.00,5854349,5836083,18266,997,0.017,17269,0.295,0.3120
fsB_bigbuf,1280,30.00,8752437,8722608,29829,0,0.0,29829,0.3408,0.3408
fsB_bigbuf,1514,1.00,249584,249303,281,0,0.0,281,0.1126,0.1126
fsB_bigbuf,1514,2.00,499232,498438,794,0,0.0,794,0.159,0.1590
fsB_bigbuf,1514,3.00,748947,747536,1411,0,0.0,1411,0.1884,0.1884
fsB_bigbuf,1514,4.00,998597,996595,2002,0,0.0,2002,0.2005,0.2005
fsB_bigbuf,1514,5.00,1248311,1245742,2569,0,0.0,2569,0.2058,0.2058
fsB_bigbuf,1514,6.00,1498025,1494847,3178,0,0.0,3178,0.2121,0.2121
fsB_bigbuf,1514,8.00,1997322,1992924,4398,0,0.0,4398,0.2202,0.2202
fsB_bigbuf,1514,10.00,2496616,2490937,5679,0,0.0,5679,0.2275,0.2275
fsB_bigbuf,1514,12.00,2995975,2988718,7257,218,0.0073,7039,0.2349,0.2422
fsB_bigbuf,1514,15.00,3747357,3734783,12574,2789,0.0744,9785,0.2611,0.3355
fsB_bigbuf,1514,20.00,4956974,4942922,14052,252,0.0051,13800,0.2784,0.2835
fsB_bigbuf,1514,30.00,7432388,7409829,22559,0,0.0,22559,0.3035,0.3035
fsBrev_bigbuf,64,1.00,4880300,4420948,459352,89268,1.8291,370084,7.5832,9.4124
fsBrev_bigbuf,64,2.00,9482349,8561356,920993,26850,0.2832,894143,9.4296,9.7127
fsBrev_bigbuf,64,3.00,14160211,11153290,3006921,3608,0.0255,3003313,21.2095,21.2350
fsBrev_bigbuf,64,4.00,18865560,11169832,7695728,0,0.0,7695728,40.7925,40.7925
fsBrev_bigbuf,64,5.00,23560926,11157424,12403502,0,0.0,12403502,52.6444,52.6444
fsBrev_bigbuf,64,6.00,28264529,11156912,17107617,0,0.0,17107617,60.5268,60.5268
fsBrev_bigbuf,64,8.00,37673048,11158712,26514336,0,0.0,26514336,70.3801,70.3801
fsBrev_bigbuf,64,10.00,47072723,11157378,35915345,366,0.0008,35914979,76.2968,76.2976
fsBrev_bigbuf,64,12.00,56485369,11122998,45362371,11714,0.0207,45350657,80.2874,80.3082
fsBrev_bigbuf,64,15.00,73131743,9857462,63274281,577810,0.7901,62696471,85.7309,86.5210
fsBrev_bigbuf,64,20.00,94096612,11098981,82997631,11,0.0,82997620,88.2047,88.2047
fsBrev_bigbuf,64,30.00,141105535,11141656,129963879,0,0.0,129963879,92.104,92.1040
fsBrev_bigbuf,128,1.00,2652654,2563564,89090,0,0.0,89090,3.3585,3.3585
fsBrev_bigbuf,128,2.00,5264898,4969076,295822,0,0.0,295822,5.6188,5.6188
fsBrev_bigbuf,128,3.00,7877125,7196752,680373,5840,0.0741,674533,8.5632,8.6373
fsBrev_bigbuf,128,4.00,10502571,9426556,1076015,0,0.0,1076015,10.2453,10.2453
fsBrev_bigbuf,128,5.00,13111161,11024588,2086573,0,0.0,2086573,15.9145,15.9145
fsBrev_bigbuf,128,6.00,15720962,11011776,4709186,0,0.0,4709186,29.9548,29.9548
fsBrev_bigbuf,128,8.00,20951213,11013184,9938029,0,0.0,9938029,47.4341,47.4341
fsBrev_bigbuf,128,10.00,26178636,11013552,15165084,0,0.0,15165084,57.9292,57.9292
fsBrev_bigbuf,128,12.00,31399094,11030328,20368766,0,0.0,20368766,64.8706,64.8706
fsBrev_bigbuf,128,15.00,39238206,11014567,28223639,3977,0.0101,28219662,71.9188,71.9290
fsBrev_bigbuf,128,20.00,52300296,11087592,41212704,0,0.0,41212704,78.8001,78.8001
fsBrev_bigbuf,128,30.00,78421169,11088144,67333025,0,0.0,67333025,85.8608,85.8608
fsBrev_bigbuf,256,1.00,1404363,1386008,18355,0,0.0,18355,1.307,1.3070
fsBrev_bigbuf,256,2.00,2808732,2735917,72815,0,0.0,72815,2.5925,2.5925
fsBrev_bigbuf,256,3.00,4180756,3977598,203158,0,0.0,203158,4.8594,4.8594
fsBrev_bigbuf,256,4.00,5574615,5216723,357892,1832,0.0329,356060,6.3872,6.4200
fsBrev_bigbuf,256,5.00,6968015,6462723,505292,3644,0.0523,501648,7.1993,7.2516
fsBrev_bigbuf,256,6.00,8340416,7607560,732856,0,0.0,732856,8.7868,8.7868
fsBrev_bigbuf,256,8.00,11120156,9885115,1235041,14,0.0001,1235027,11.1062,11.1063
fsBrev_bigbuf,256,10.00,13882397,10773026,3109371,0,0.0,3109371,22.3979,22.3979
fsBrev_bigbuf,256,12.00,16645943,10844520,5801423,11080,0.0666,5790343,34.7853,34.8519
fsBrev_bigbuf,256,15.00,20796965,10881531,9915434,1642,0.0079,9913792,47.6694,47.6773
fsBrev_bigbuf,256,20.00,27726847,10755644,16971203,3435,0.0124,16967768,61.1962,61.2086
fsBrev_bigbuf,256,30.00,41545205,10847360,30697845,0,0.0,30697845,73.8902,73.8902
fsBrev_bigbuf,512,1.00,723522,715628,7894,0,0.0,7894,1.0911,1.0911
fsBrev_bigbuf,512,2.00,1446936,1421436,25500,0,0.0,25500,1.7623,1.7623
fsBrev_bigbuf,512,3.00,2170404,2104136,66268,0,0.0,66268,3.0533,3.0533
fsBrev_bigbuf,512,4.00,2893687,2794129,99558,0,0.0,99558,3.4405,3.4405
fsBrev_bigbuf,512,5.00,3617347,3471125,146222,0,0.0,146222,4.0422,4.0422
fsBrev_bigbuf,512,6.00,4307494,4119309,188185,12342,0.2865,175843,4.0823,4.3688
fsBrev_bigbuf,512,8.00,5743463,5370514,372949,4592,0.08,368357,6.4135,6.4935
fsBrev_bigbuf,512,10.00,7179118,6609145,569973,0,0.0,569973,7.9393,7.9393
fsBrev_bigbuf,512,12.00,8592754,7842964,749790,0,0.0,749790,8.7258,8.7258
fsBrev_bigbuf,512,15.00,10741176,9546882,1194294,0,0.0,1194294,11.1188,11.1188
fsBrev_bigbuf,512,20.00,14304063,10299342,4004721,832,0.0058,4003889,27.9913,27.9971
fsBrev_bigbuf,512,30.00,21426556,10298037,11128519,281,0.0013,11128238,51.9367,51.9380
fsBrev_bigbuf,1024,1.00,369043,367698,1345,0,0.0,1345,0.3645,0.3645
fsBrev_bigbuf,1024,2.00,734579,727412,7167,0,0.0,7167,0.9757,0.9757
fsBrev_bigbuf,1024,3.00,1101875,1082817,19058,0,0.0,19058,1.7296,1.7296
fsBrev_bigbuf,1024,4.00,1469232,1443527,25705,0,0.0,25705,1.7496,1.7496
fsBrev_bigbuf,1024,5.00,1837127,1804122,33005,0,0.0,33005,1.7966,1.7966
fsBrev_bigbuf,1024,6.00,2203747,2132441,71306,0,0.0,71306,3.2357,3.2357
fsBrev_bigbuf,1024,8.00,2938328,2842189,96139,0,0.0,96139,3.2719,3.2719
fsBrev_bigbuf,1024,10.00,3672905,3524507,148398,0,0.0,148398,4.0403,4.0403
fsBrev_bigbuf,1024,12.00,4374007,4156907,217100,2146,0.0491,214954,4.9143,4.9634
fsBrev_bigbuf,1024,15.00,5467299,5163017,304282,0,0.0,304282,5.5655,5.5655
fsBrev_bigbuf,1024,20.00,7289737,6716799,572938,0,0.0,572938,7.8595,7.8595
fsBrev_bigbuf,1024,30.00,10906380,9705916,1200464,0,0.0,1200464,11.007,11.0070
fsBrev_bigbuf,1280,1.00,294755,294275,480,0,0.0,480,0.1628,0.1628
fsBrev_bigbuf,1280,2.00,589446,584066,5380,0,0.0,5380,0.9127,0.9127
fsBrev_bigbuf,1280,3.00,884269,875793,8476,0,0.0,8476,0.9585,0.9585
fsBrev_bigbuf,1280,4.00,1178961,1158973,19988,0,0.0,19988,1.6954,1.6954
fsBrev_bigbuf,1280,5.00,1473782,1448588,25194,0,0.0,25194,1.7095,1.7095
fsBrev_bigbuf,1280,6.00,1768473,1724903,43570,0,0.0,43570,2.4637,2.4637
fsBrev_bigbuf,1280,8.00,2357918,2299388,58530,0,0.0,58530,2.4823,2.4823
fsBrev_bigbuf,1280,10.00,2947428,2851882,95546,0,0.0,95546,3.2417,3.2417
fsBrev_bigbuf,1280,12.00,3536936,3395651,141285,0,0.0,141285,3.9946,3.9946
fsBrev_bigbuf,1280,15.00,4387223,4178003,209220,0,0.0,209220,4.7688,4.7688
fsBrev_bigbuf,1280,20.00,5849772,5480933,368839,0,0.0,368839,6.3052,6.3052
fsBrev_bigbuf,1280,30.00,8751821,7987414,764407,0,0.0,764407,8.7343,8.7343
fsBrev_bigbuf,1514,1.00,249714,247797,1917,0,0.0,1917,0.7677,0.7677
fsBrev_bigbuf,1514,2.00,499297,498372,925,0,0.0,925,0.1853,0.1853
fsBrev_bigbuf,1514,3.00,748947,736724,12223,0,0.0,12223,1.632,1.6320
fsBrev_bigbuf,1514,4.00,998658,989161,9497,0,0.0,9497,0.951,0.9510
fsBrev_bigbuf,1514,5.00,1248311,1227426,20885,0,0.0,20885,1.6731,1.6731
fsBrev_bigbuf,1514,6.00,1498025,1472606,25419,0,0.0,25419,1.6968,1.6968
fsBrev_bigbuf,1514,8.00,1997290,1947284,50006,0,0.0,50006,2.5037,2.5037
fsBrev_bigbuf,1514,10.00,2496682,2434930,61752,0,0.0,61752,2.4734,2.4734
fsBrev_bigbuf,1514,12.00,2996040,2899599,96441,0,0.0,96441,3.2189,3.2189
fsBrev_bigbuf,1514,15.00,3744913,3568161,176752,0,0.0,176752,4.7198,4.7198
fsBrev_bigbuf,1514,20.00,4954992,4719493,235499,0,0.0,235499,4.7528,4.7528
fsBrev_bigbuf,1514,30.00,7432522,6850736,581786,0,0.0,581786,7.8276,7.8276
rawA_dpdk,64,1.00,4741366,4738423,2943,0,0.0,2943,0.0621,0.0621
rawA_dpdk,64,2.00,9454669,9445968,8701,2315,0.0245,6386,0.0675,0.0920
rawA_dpdk,64,3.00,14161108,14151018,10090,0,0.0,10090,0.0713,0.0713
rawA_dpdk,64,4.00,18886483,18854555,31928,17995,0.0953,13933,0.0738,0.1691
rawA_dpdk,64,5.00,23561696,23542781,18915,1447,0.0061,17468,0.0741,0.0803
rawA_dpdk,64,6.00,28265810,28243717,22093,0,0.0,22093,0.0782,0.0782
rawA_dpdk,64,8.00,37673626,37642645,30981,574,0.0015,30407,0.0807,0.0822
rawA_dpdk,64,10.00,47073039,47030752,42287,2233,0.0047,40054,0.0851,0.0898
rawA_dpdk,64,12.00,56523268,56471393,51875,1335,0.0024,50540,0.0894,0.0918
rawA_dpdk,64,15.00,70586075,70513740,72335,4669,0.0066,67666,0.0959,0.1025
rawA_dpdk,64,20.00,94094747,93985761,108986,4076,0.0043,104910,0.1115,0.1158
rawA_dpdk,64,30.00,141111662,140846941,264721,41855,0.0297,222866,0.1579,0.1876
rawA_dpdk,128,1.00,2652798,2651444,1354,0,0.0,1354,0.051,0.0510
rawA_dpdk,128,2.00,5264897,5261558,3339,0,0.0,3339,0.0634,0.0634
rawA_dpdk,128,3.00,7877249,7872112,5137,0,0.0,5137,0.0652,0.0652
rawA_dpdk,128,4.00,10502176,10494989,7187,0,0.0,7187,0.0684,0.0684
rawA_dpdk,128,5.00,13111280,13102178,9102,0,0.0,9102,0.0694,0.0694
rawA_dpdk,128,6.00,15721732,15710594,11138,0,0.0,11138,0.0708,0.0708
rawA_dpdk,128,8.00,20951277,20935455,15822,188,0.0009,15634,0.0746,0.0755
rawA_dpdk,128,10.00,26179081,26159029,20052,0,0.0,20052,0.0766,0.0766
rawA_dpdk,128,12.00,31400175,31375797,24378,98,0.0003,24280,0.0773,0.0776
rawA_dpdk,128,15.00,39236282,39194811,41471,9799,0.025,31672,0.0807,0.1057
rawA_dpdk,128,20.00,52367502,52316902,50600,5113,0.0098,45487,0.0869,0.0966
rawA_dpdk,128,30.00,78421448,78330523,90925,12550,0.016,78375,0.0999,0.1159
rawA_dpdk,256,1.00,1404299,1404299,0,0,0.0,0,0.0,0.0000
rawA_dpdk,256,2.00,2808726,2808726,0,0,0.0,0,0.0,0.0000
rawA_dpdk,256,3.00,4180948,4180948,0,0,0.0,0,0.0,0.0000
rawA_dpdk,256,4.00,5574488,5574488,0,0,0.0,0,0.0,0.0000
rawA_dpdk,256,5.00,6968092,6968092,0,0,0.0,0,0.0,0.0000
rawA_dpdk,256,6.00,8340312,8340312,0,0,0.0,0,0.0,0.0000
rawA_dpdk,256,8.00,11120349,11120349,0,0,0.0,0,0.0,0.0000
rawA_dpdk,256,10.00,13882331,13882236,95,95,0.0007,0,0.0,0.0007
rawA_dpdk,256,12.00,16646136,16645814,322,322,0.0019,0,0.0,0.0019
rawA_dpdk,256,15.00,20797214,20797214,0,0,0.0,0,0.0,0.0000
rawA_dpdk,256,20.00,27711970,27711138,832,832,0.003,0,0.0,0.0030
rawA_dpdk,256,30.00,41545911,41545608,303,303,0.0007,0,0.0,0.0007
rawA_dpdk,512,1.00,723467,723467,0,0,0.0,0,0.0,0.0000
rawA_dpdk,512,2.00,1446936,1446936,0,0,0.0,0,0.0,0.0000
rawA_dpdk,512,3.00,2170273,2170273,0,0,0.0,0,0.0,0.0000
rawA_dpdk,512,4.00,2893805,2893805,0,0,0.0,0,0.0,0.0000
rawA_dpdk,512,5.00,3619409,3619409,0,0,0.0,0,0.0,0.0000
rawA_dpdk,512,6.00,4307560,4307560,0,0,0.0,0,0.0,0.0000
rawA_dpdk,512,8.00,5745085,5744661,424,424,0.0074,0,0.0,0.0074
rawA_dpdk,512,10.00,7179256,7179256,0,0,0.0,0,0.0,0.0000
rawA_dpdk,512,12.00,8593011,8593011,0,0,0.0,0,0.0,0.0000
rawA_dpdk,512,15.00,10741047,10741047,0,0,0.0,0,0.0,0.0000
rawA_dpdk,512,20.00,14303094,14303094,0,0,0.0,0,0.0,0.0000
rawA_dpdk,512,30.00,21426871,21426871,0,0,0.0,0,0.0,0.0000
rawA_dpdk,1024,1.00,367351,367351,0,0,0.0,0,0.0,0.0000
rawA_dpdk,1024,2.00,734582,734582,0,0,0.0,0,0.0,0.0000
rawA_dpdk,1024,3.00,1101875,1101875,0,0,0.0,0,0.0,0.0000
rawA_dpdk,1024,4.00,1471566,1471566,0,0,0.0,0,0.0,0.0000
rawA_dpdk,1024,5.00,1836585,1836585,0,0,0.0,0,0.0,0.0000
rawA_dpdk,1024,6.00,2203749,2203749,0,0,0.0,0,0.0,0.0000
rawA_dpdk,1024,8.00,2938262,2938262,0,0,0.0,0,0.0,0.0000
rawA_dpdk,1024,10.00,3672906,3672906,0,0,0.0,0,0.0,0.0000
rawA_dpdk,1024,12.00,4373805,4373805,0,0,0.0,0,0.0,0.0000
rawA_dpdk,1024,15.00,5467430,5467430,0,0,0.0,0,0.0,0.0000
rawA_dpdk,1024,20.00,7289804,7289804,0,0,0.0,0,0.0,0.0000
rawA_dpdk,1024,30.00,10906507,10906507,0,0,0.0,0,0.0,0.0000
rawA_dpdk,1280,1.00,294756,294756,0,0,0.0,0,0.0,0.0000
rawA_dpdk,1280,2.00,589446,589446,0,0,0.0,0,0.0,0.0000
rawA_dpdk,1280,3.00,884201,884201,0,0,0.0,0,0.0,0.0000
rawA_dpdk,1280,4.00,1179026,1179026,0,0,0.0,0,0.0,0.0000
rawA_dpdk,1280,5.00,1473652,1473652,0,0,0.0,0,0.0,0.0000
rawA_dpdk,1280,6.00,1768408,1768408,0,0,0.0,0,0.0,0.0000
rawA_dpdk,1280,8.00,2357984,2357984,0,0,0.0,0,0.0,0.0000
rawA_dpdk,1280,10.00,2947492,2947492,0,0,0.0,0,0.0,0.0000
rawA_dpdk,1280,12.00,3536801,3536801,0,0,0.0,0,0.0,0.0000
rawA_dpdk,1280,15.00,4387288,4387288,0,0,0.0,0,0.0,0.0000
rawA_dpdk,1280,20.00,5849837,5849837,0,0,0.0,0,0.0,0.0000
rawA_dpdk,1280,30.00,8752052,8750067,1985,1985,0.0227,0,0.0,0.0227
rawA_dpdk,1514,1.00,249584,249584,0,0,0.0,0,0.0,0.0000
rawA_dpdk,1514,2.00,499297,499297,0,0,0.0,0,0.0,0.0000
rawA_dpdk,1514,3.00,748946,748946,0,0,0.0,0,0.0,0.0000
rawA_dpdk,1514,4.00,998597,998597,0,0,0.0,0,0.0,0.0000
rawA_dpdk,1514,5.00,1248311,1248311,0,0,0.0,0,0.0,0.0000
rawA_dpdk,1514,6.00,1497960,1497960,0,0,0.0,0,0.0,0.0000
rawA_dpdk,1514,8.00,1997322,1997322,0,0,0.0,0,0.0,0.0000
rawA_dpdk,1514,10.00,2496682,2496682,0,0,0.0,0,0.0,0.0000
rawA_dpdk,1514,12.00,2996042,2996042,0,0,0.0,0,0.0,0.0000
rawA_dpdk,1514,15.00,3745042,3745042,0,0,0.0,0,0.0,0.0000
rawA_dpdk,1514,20.00,4954992,4954992,0,0,0.0,0,0.0,0.0000
rawA_dpdk,1514,30.00,7432521,7432521,0,0,0.0,0,0.0,0.0000
rawB_capio,64,1.00,4746277,4745966,311,0,0.0,311,0.0066,0.0066
rawB_capio,64,2.00,9454024,9453680,344,0,0.0,344,0.0036,0.0036
rawB_capio,64,3.00,14169499,14166360,3139,2218,0.0157,921,0.0065,0.0222
rawB_capio,64,4.00,18866455,18825220,41235,40244,0.2133,991,0.0053,0.2186
rawB_capio,64,5.00,23561308,23559308,2000,611,0.0026,1389,0.0059,0.0085
rawB_capio,64,6.00,28264840,28261600,3240,1463,0.0052,1777,0.0063,0.0115
rawB_capio,64,8.00,37675987,37673233,2754,221,0.0006,2533,0.0067,0.0073
rawB_capio,64,10.00,47074502,47066596,7906,4871,0.0103,3035,0.0064,0.0168
rawB_capio,64,12.00,56479940,56475805,4135,92,0.0002,4043,0.0072,0.0073
rawB_capio,64,15.00,70585811,70571559,14252,8277,0.0117,5975,0.0085,0.0202
rawB_capio,64,20.00,94095856,94084723,11133,3123,0.0033,8010,0.0085,0.0118
rawB_capio,64,30.00,141113129,141062982,50147,13027,0.0092,37120,0.0263,0.0355
rawB_capio,128,1.00,2652670,2652659,11,0,0.0,11,0.0004,0.0004
rawB_capio,128,2.00,5265087,5264775,312,0,0.0,312,0.0059,0.0059
rawB_capio,128,3.00,7876998,7876639,359,0,0.0,359,0.0046,0.0046
rawB_capio,128,4.00,10504044,10487774,16270,15855,0.1509,415,0.004,0.1549
rawB_capio,128,5.00,13176374,13073550,102824,102032,0.7744,792,0.006,0.7804
rawB_capio,128,6.00,15721242,15720509,733,0,0.0,733,0.0047,0.0047
rawB_capio,128,8.00,20950442,20948752,1690,224,0.0011,1466,0.007,0.0081
rawB_capio,128,10.00,26178563,26176799,1764,351,0.0013,1413,0.0054,0.0067
rawB_capio,128,12.00,31399661,31397796,1865,0,0.0,1865,0.0059,0.0059
rawB_capio,128,15.00,39236862,39232946,3916,1684,0.0043,2232,0.0057,0.0100
rawB_capio,128,20.00,52299524,52295878,3646,29,0.0001,3617,0.0069,0.0070
rawB_capio,128,30.00,78418627,78409087,9540,3796,0.0048,5744,0.0073,0.0122
rawB_capio,256,1.00,1404363,1404363,0,0,0.0,0,0.0,0.0000
rawB_capio,256,2.00,2808788,2808786,2,0,0.0,2,0.0001,0.0001
rawB_capio,256,3.00,4180948,4180948,0,0,0.0,0,0.0,0.0000
rawB_capio,256,4.00,5574360,5574360,0,0,0.0,0,0.0,0.0000
rawB_capio,256,5.00,7230950,6426500,804450,804450,11.1251,0,0.0,11.1251
rawB_capio,256,6.00,8362934,8333077,29857,29857,0.357,0,0.0,0.3570
rawB_capio,256,8.00,11120319,11120319,0,0,0.0,0,0.0,0.0000
rawB_capio,256,10.00,13882130,13882064,66,0,0.0,66,0.0005,0.0005
rawB_capio,256,12.00,16645852,16645600,252,252,0.0015,0,0.0,0.0015
rawB_capio,256,15.00,20796697,20796498,199,0,0.0,199,0.001,0.0010
rawB_capio,256,20.00,27710370,27708628,1742,1742,0.0063,0,0.0,0.0063
rawB_capio,256,30.00,41545330,41541545,3785,3785,0.0091,0,0.0,0.0091
rawB_capio,512,1.00,723532,723532,0,0,0.0,0,0.0,0.0000
rawB_capio,512,2.00,1447760,1447760,0,0,0.0,0,0.0,0.0000
rawB_capio,512,3.00,2170468,2170462,6,0,0.0,6,0.0003,0.0003
rawB_capio,512,4.00,2893801,2893801,0,0,0.0,0,0.0,0.0000
rawB_capio,512,5.00,3617385,3617385,0,0,0.0,0,0.0,0.0000
rawB_capio,512,6.00,4307688,4307680,8,0,0.0,8,0.0002,0.0002
rawB_capio,512,8.00,5743278,5743261,17,0,0.0,17,0.0003,0.0003
rawB_capio,512,10.00,7179126,7179126,0,0,0.0,0,0.0,0.0000
rawB_capio,512,12.00,8592885,8592852,33,0,0.0,33,0.0004,0.0004
rawB_capio,512,15.00,10741179,10741163,16,0,0.0,16,0.0001,0.0001
rawB_capio,512,20.00,14302839,14302387,452,435,0.003,17,0.0001,0.0032
rawB_capio,512,30.00,21426934,21426900,34,0,0.0,34,0.0002,0.0002
rawB_capio,1024,1.00,367291,367291,0,0,0.0,0,0.0,0.0000
rawB_capio,1024,2.00,734582,734582,0,0,0.0,0,0.0,0.0000
rawB_capio,1024,3.00,1102005,1102005,0,0,0.0,0,0.0,0.0000
rawB_capio,1024,4.00,1471494,1471494,0,0,0.0,0,0.0,0.0000
rawB_capio,1024,5.00,1836588,1836583,5,0,0.0,5,0.0003,0.0003
rawB_capio,1024,6.00,2203802,2203800,2,0,0.0,2,0.0001,0.0001
rawB_capio,1024,8.00,2938455,2938455,0,0,0.0,0,0.0,0.0000
rawB_capio,1024,10.00,3672964,3672964,0,0,0.0,0,0.0,0.0000
rawB_capio,1024,12.00,4374448,4374448,0,0,0.0,0,0.0,0.0000
rawB_capio,1024,15.00,5467364,5467364,0,0,0.0,0,0.0,0.0000
rawB_capio,1024,20.00,7289736,7289736,0,0,0.0,0,0.0,0.0000
rawB_capio,1024,30.00,10906375,10906375,0,0,0.0,0,0.0,0.0000
rawB_capio,1280,1.00,294756,294756,0,0,0.0,0,0.0,0.0000
rawB_capio,1280,2.00,589446,589446,0,0,0.0,0,0.0,0.0000
rawB_capio,1280,3.00,884204,884204,0,0,0.0,0,0.0,0.0000
rawB_capio,1280,4.00,1179026,1179026,0,0,0.0,0,0.0,0.0000
rawB_capio,1280,5.00,1473782,1473782,0,0,0.0,0,0.0,0.0000
rawB_capio,1280,6.00,1768408,1768408,0,0,0.0,0,0.0,0.0000
rawB_capio,1280,8.00,2357984,2357984,0,0,0.0,0,0.0,0.0000
rawB_capio,1280,10.00,2947553,2947553,0,0,0.0,0,0.0,0.0000
rawB_capio,1280,12.00,3536992,3536992,0,0,0.0,0,0.0,0.0000
rawB_capio,1280,15.00,4387356,4387356,0,0,0.0,0,0.0,0.0000
rawB_capio,1280,20.00,5849707,5849707,0,0,0.0,0,0.0,0.0000
rawB_capio,1280,30.00,8752117,8752117,0,0,0.0,0,0.0,0.0000
rawB_capio,1514,1.00,249714,249714,0,0,0.0,0,0.0,0.0000
rawB_capio,1514,2.00,499362,499362,0,0,0.0,0,0.0,0.0000
rawB_capio,1514,3.00,749272,749272,0,0,0.0,0,0.0,0.0000
rawB_capio,1514,4.00,998792,998792,0,0,0.0,0,0.0,0.0000
rawB_capio,1514,5.00,1248571,1248571,0,0,0.0,0,0.0,0.0000
rawB_capio,1514,6.00,1499520,1499520,0,0,0.0,0,0.0,0.0000
rawB_capio,1514,8.00,1997514,1997514,0,0,0.0,0,0.0,0.0000
rawB_capio,1514,10.00,2497947,2497947,0,0,0.0,0,0.0,0.0000
rawB_capio,1514,12.00,2996343,2996343,0,0,0.0,0,0.0,0.0000
rawB_capio,1514,15.00,3745491,3745491,0,0,0.0,0,0.0,0.0000
rawB_capio,1514,20.00,4956347,4956347,0,0,0.0,0,0.0,0.0000
rawB_capio,1514,30.00,7433613,7433613,0,0,0.0,0,0.0,0.0000
