arm,size,pct,off_pps,tx,rx,loss_pct,lat_min_us,p50_us,p90_us,p99_us,p999_us,lat_n,skipped,hist_n,jitter_n,imissed,ierrors,oerrors
fsA_bigbuf,64,1.00,156864,4744789,4701384,0.9148,6.535,164.000,166.000,168.000,8192.000,36367,14,36367,434,23704,0,0
fsA_bigbuf,64,2.00,313046,9461524,9402996,0.6186,84.130,96.000,96.000,98.000,264.000,48671,8,48671,94,18766,0,0
fsA_bigbuf,64,3.00,469025,14160400,14077050,0.5886,7.033,164.000,166.000,166.000,214.000,54706,13,54706,96,14642,0,0
fsA_bigbuf,64,4.00,624859,18865496,18788960,0.4057,111.549,138.000,138.000,140.000,144.000,58491,7,58491,31,0,0,0
fsA_bigbuf,64,5.00,780362,23560349,23461773,0.4184,105.796,158.000,158.000,160.000,162.000,52216,8,52216,19,0,0,0
fsA_bigbuf,64,6.00,936225,28265297,25928521,8.2673,111.042,112.000,422.000,422.000,422.000,3,7982,3,3,1391,0,0
fsA_bigbuf,64,8.00,1247797,37671766,25945360,31.1278,111.764,574.000,606.000,608.000,610.000,4327,4237,4327,2,0,0,0
fsA_bigbuf,64,10.00,1559183,47073296,25942096,44.8900,104.956,106.000,570.000,570.000,570.000,3,8529,3,2,0,0,0
fsA_bigbuf,64,12.00,2542500,56477400,25960064,54.0346,110.600,572.000,604.000,604.000,606.000,4668,4037,4668,4,0,0,0
fsA_bigbuf,64,15.00,2337866,70584193,25899302,63.3072,93.957,602.000,614.000,636.000,638.000,8105,1169,8105,630,3034,0,0
fsA_bigbuf,64,20.00,3116653,94094996,25932160,72.4404,94.623,574.000,604.000,606.000,606.000,4293,4411,4293,12,5984,0,0
fsA_bigbuf,64,30.00,4674116,141118692,25906520,81.6420,105.707,572.000,578.000,578.000,578.000,8,8732,8,4,8040,0,0
fsA_bigbuf,128,1.00,87880,2652638,2642436,0.3846,85.659,98.000,98.000,100.000,102.000,40602,1,40602,7,0,0,0
fsA_bigbuf,128,2.00,174408,5264800,5241811,0.4367,96.055,168.000,168.000,170.000,170.000,40598,2,40598,13,337,0,0
fsA_bigbuf,128,3.00,260808,7877446,7847635,0.3784,85.812,98.000,98.000,100.000,100.000,40635,2,40635,11,0,0,0
fsA_bigbuf,128,4.00,347914,10502506,10458718,0.4169,85.866,98.000,98.000,100.000,102.000,54152,2,54152,17,3314,0,0
fsA_bigbuf,128,5.00,570154,13112823,13061449,0.3918,113.016,168.000,168.000,170.000,172.000,50790,5,50790,9,0,0,0
fsA_bigbuf,128,6.00,520726,15721411,15658685,0.3990,106.614,122.000,126.000,128.000,130.000,48748,2,48748,12,0,0,0
fsA_bigbuf,128,8.00,693898,20950570,20863817,0.4141,97.548,170.000,170.000,172.000,174.000,54156,6,54156,14,0,0,0
fsA_bigbuf,128,10.00,867147,26179207,25507606,2.5654,112.744,578.000,580.000,586.000,586.000,91,7336,91,3,0,0,0
fsA_bigbuf,128,12.00,1040010,31398892,25461264,18.9103,105.015,614.000,624.000,624.000,624.000,7,8241,7,3,0,0,0
fsA_bigbuf,128,15.00,1299653,39240705,25489408,35.0435,113.019,582.000,646.000,646.000,646.000,6,8228,6,3,0,0,0
fsA_bigbuf,128,20.00,1732363,52299589,25451536,51.3351,122.677,936.000,984.000,984.000,984.000,5,6413,5,3,0,0,0
fsA_bigbuf,128,30.00,2597516,78426312,25460044,67.5363,105.174,582.000,582.000,960.000,990.000,295,8242,295,5,2380,0,0
fsA_bigbuf,256,1.00,46475,1404298,1399248,0.3596,100.844,104.000,106.000,106.000,108.000,21512,1,21512,4,0,0,0
fsA_bigbuf,256,2.00,93074,2808659,2799158,0.3383,99.319,104.000,106.000,106.000,108.000,43022,2,43022,5,0,0,0
fsA_bigbuf,256,3.00,138417,4181046,4161019,0.4790,102.692,178.000,178.000,180.000,1794.000,32202,6,32202,93,3588,0,0
fsA_bigbuf,256,4.00,240972,5574292,5554096,0.3623,102.990,178.000,178.000,180.000,202.000,43014,4,43014,63,236,0,0
fsA_bigbuf,256,5.00,230781,6968411,6943226,0.3614,104.122,178.000,178.000,180.000,184.000,53774,3,53774,13,0,0,0
fsA_bigbuf,256,6.00,276248,8919026,7785422,12.7100,8.269,104.000,106.000,222.000,8192.000,39412,157,39412,643,477298,0,0
fsA_bigbuf,256,8.00,368372,11123870,11080898,0.3863,6.363,104.000,104.000,106.000,110.000,57351,5,57351,62,0,0,0
fsA_bigbuf,256,10.00,459773,13882396,13828497,0.3883,103.711,178.000,178.000,180.000,188.000,53757,7,53757,27,117,0,0
fsA_bigbuf,256,12.00,719875,16645815,16579720,0.3971,103.909,142.000,144.000,146.000,150.000,51604,6,51604,11,0,0,0
fsA_bigbuf,256,15.00,688765,20798116,20712386,0.4122,104.284,178.000,178.000,180.000,182.000,53748,10,53748,9,0,0,0
fsA_bigbuf,256,20.00,917885,27710034,24207883,12.6386,105.812,654.000,664.000,688.000,690.000,7702,1856,7702,275,0,0,0
fsA_bigbuf,256,30.00,1376119,41544373,24240592,41.6513,106.769,108.000,108.000,108.000,108.000,1,10634,1,1,0,0,0
fsA_bigbuf,512,1.00,23985,723466,721823,0.2271,94.419,98.000,98.000,102.000,8192.000,11082,0,11082,92,0,0,0
fsA_bigbuf,512,2.00,47904,1447000,1443193,0.2631,94.239,98.000,98.000,100.000,110.000,22165,1,22165,16,0,0,0
fsA_bigbuf,512,3.00,71890,2171625,2165729,0.2715,94.407,98.000,98.000,100.000,116.000,33252,2,33252,34,0,0,0
fsA_bigbuf,512,4.00,95875,2894768,2886669,0.2798,94.353,98.000,98.000,100.000,106.000,44327,3,44327,8,0,0,0
fsA_bigbuf,512,5.00,119795,3617204,3606801,0.2876,94.213,98.000,98.000,100.000,106.000,55400,5,55400,34,0,0,0
fsA_bigbuf,512,6.00,142674,4307985,4290021,0.4170,96.302,174.000,176.000,176.000,194.000,33191,6,33191,23,3349,0,0
fsA_bigbuf,512,8.00,190275,5744869,5726507,0.3196,96.260,174.000,176.000,176.000,216.000,44303,8,44303,82,0,0,0
fsA_bigbuf,512,10.00,192083,7781126,6852120,11.9392,7.589,174.000,176.000,640.000,8192.000,51635,150,51635,972,497454,0,0
fsA_bigbuf,512,12.00,284675,8593130,8564487,0.3333,94.337,98.000,98.000,100.000,108.000,44296,12,44296,36,0,0,0
fsA_bigbuf,512,15.00,464293,10741047,10705267,0.3331,94.627,98.000,98.000,100.000,104.000,55373,13,55373,12,0,0,0
fsA_bigbuf,512,20.00,473780,14303544,14248010,0.3883,107.248,174.000,176.000,176.000,198.000,55334,22,55334,50,4612,0,0
fsA_bigbuf,512,30.00,709683,21427320,21335617,0.4280,114.960,174.000,176.000,176.000,192.000,55300,39,55300,36,3887,0,0
fsA_bigbuf,1024,1.00,12155,368388,367619,0.2087,109.061,114.000,114.000,124.000,8192.000,5636,0,5636,62,0,0,0
fsA_bigbuf,1024,2.00,32630,734777,733988,0.1074,109.035,114.000,114.000,120.000,124.000,11255,1,11255,8,0,0,0
fsA_bigbuf,1024,3.00,36530,1101875,1100390,0.1348,108.943,114.000,114.000,118.000,124.000,16877,1,16877,7,0,0,0
fsA_bigbuf,1024,4.00,48685,1469167,1467027,0.1457,109.137,114.000,114.000,118.000,124.000,22503,1,22503,9,0,0,0
fsA_bigbuf,1024,5.00,60840,1836522,1833673,0.1551,108.988,114.000,114.000,118.000,132.000,28138,0,28138,13,0,0,0
fsA_bigbuf,1024,6.00,72995,2203814,2200292,0.1598,109.094,114.000,114.000,118.000,124.000,33762,2,33762,15,0,0,0
fsA_bigbuf,1024,8.00,97305,2938328,2933375,0.1686,108.980,114.000,114.000,118.000,124.000,45009,1,45009,16,0,0,0
fsA_bigbuf,1024,10.00,121629,3672840,3666385,0.1757,108.964,114.000,114.000,118.000,126.000,56250,2,56250,26,0,0,0
fsA_bigbuf,1024,12.00,144950,4373804,4365788,0.1833,132.264,200.000,202.000,208.000,220.000,33760,2,33760,17,0,0,0
fsA_bigbuf,1024,15.00,236417,5473942,5463458,0.1915,134.735,200.000,202.000,208.000,242.000,42243,3,42243,38,0,0,0
fsA_bigbuf,1024,20.00,241488,7289610,7274530,0.2069,111.535,200.000,202.000,208.000,224.000,56239,3,56239,28,0,0,0
fsA_bigbuf,1024,30.00,361253,10905786,10879349,0.2424,109.017,114.000,118.000,124.000,2360.000,56206,5,56206,50,0,0,0
fsA_bigbuf,1280,1.00,9815,294756,294756,0.0000,114.222,122.000,126.000,128.000,148.000,4516,0,4516,10,0,0,0
fsA_bigbuf,1280,2.00,19500,589446,589200,0.0417,114.046,122.000,126.000,128.000,194.000,9030,0,9030,17,0,0,0
fsA_bigbuf,1280,3.00,29315,884204,883553,0.0736,113.864,122.000,126.000,128.000,136.000,13545,1,13545,14,0,0,0
fsA_bigbuf,1280,4.00,39000,1178961,1177941,0.0865,113.748,120.000,126.000,128.000,128.000,18063,1,18063,9,0,0,0
fsA_bigbuf,1280,5.00,48815,1473782,1472379,0.0952,113.857,120.000,126.000,128.000,130.000,22575,3,22575,9,0,0,0
fsA_bigbuf,1280,6.00,58565,1768538,1766725,0.1025,113.821,120.000,126.000,128.000,128.000,27090,3,27090,17,0,0,0
fsA_bigbuf,1280,8.00,78130,2360454,2357875,0.1093,113.730,120.000,126.000,128.000,144.000,36156,4,36156,29,0,0,0
fsA_bigbuf,1280,10.00,97630,2947446,2943514,0.1334,113.797,120.000,126.000,128.000,138.000,45098,6,45098,25,0,0,0
fsA_bigbuf,1280,12.00,156819,3536936,3532637,0.1215,113.696,120.000,126.000,128.000,134.000,54166,7,54166,23,0,0,0
fsA_bigbuf,1280,15.00,145383,4387546,4381850,0.1298,128.812,222.000,224.000,226.000,238.000,33858,10,33858,16,0,0,0
fsA_bigbuf,1280,20.00,193758,5849707,5841503,0.1402,121.261,222.000,224.000,226.000,242.000,45135,12,45135,18,0,0,0
fsA_bigbuf,1280,30.00,289886,8752117,8737647,0.1653,114.108,120.000,126.000,128.000,2792.000,45125,22,45125,27,0,0,0
fsA_bigbuf,1514,1.00,8255,249584,249584,0.0000,123.105,130.000,132.000,134.000,138.000,3824,0,3824,1,0,0,0
fsA_bigbuf,1514,2.00,16575,499297,499289,0.0016,122.888,130.000,132.000,134.000,136.000,7649,0,7649,3,0,0,0
fsA_bigbuf,1514,3.00,24830,748947,748680,0.0357,122.957,130.000,132.000,134.000,162.000,11472,1,11472,19,0,0,0
fsA_bigbuf,1514,4.00,33085,998661,998160,0.0502,122.578,130.000,132.000,134.000,384.000,15299,1,15299,29,0,0,0
fsA_bigbuf,1514,5.00,0,1248246,1247526,0.0577,122.738,130.000,132.000,134.000,160.000,19126,0,19126,20,0,0,0
fsA_bigbuf,1514,6.00,49660,1497960,1496978,0.0656,123.195,130.000,132.000,134.000,138.000,22948,2,22948,13,0,0,0
fsA_bigbuf,1514,8.00,66170,1997322,1995816,0.0754,122.857,130.000,132.000,134.000,138.000,30598,2,30598,16,0,0,0
fsA_bigbuf,1514,10.00,82681,2496682,2494693,0.0797,122.640,130.000,132.000,134.000,138.000,38240,5,38240,16,0,0,0
fsA_bigbuf,1514,12.00,99255,2995910,2993360,0.0851,122.393,130.000,132.000,134.000,138.000,45880,7,45880,18,0,0,0
fsA_bigbuf,1514,15.00,124085,3744978,3741540,0.0918,122.551,130.000,132.000,134.000,152.000,57347,7,57347,24,0,0,0
fsA_bigbuf,1514,20.00,164088,4955121,4950086,0.1016,130.588,238.000,244.000,248.000,260.000,38231,13,38231,16,0,0,0
fsA_bigbuf,1514,30.00,246143,7432392,7423484,0.1199,141.584,236.000,244.000,246.000,458.000,57314,19,57314,32,0,0,0
fsA_dpdk,64,1.00,156864,4738983,4714364,0.5195,96.262,162.000,164.000,164.000,350.000,36519,2,36519,84,7382,0,0
fsA_dpdk,64,2.00,313111,9453236,9414677,0.4079,83.262,96.000,96.000,96.000,114.000,48740,4,48740,30,0,0,0
fsA_dpdk,64,3.00,469065,14161572,14095341,0.4677,91.867,162.000,164.000,164.000,178.000,54794,5,54794,32,0,0,0
fsA_dpdk,64,4.00,624794,18872549,18792011,0.4267,22.985,134.000,136.000,136.000,222.000,58484,9,58484,129,4121,0,0
fsA_dpdk,64,5.00,780427,23561374,23461322,0.4246,93.447,154.000,156.000,156.000,172.000,52209,10,52209,58,1472,0,0
fsA_dpdk,64,6.00,0,28265361,26255886,7.1093,102.293,104.000,566.000,566.000,566.000,3,7849,3,3,0,0,0
fsA_dpdk,64,8.00,1247771,37672407,26281329,30.2372,109.981,598.000,630.000,630.000,632.000,7739,1099,7739,913,1039,0,0
fsA_dpdk,64,10.00,1559248,47074385,26254774,44.2270,109.839,160.000,574.000,574.000,574.000,4,8592,4,2,1067,0,0
fsA_dpdk,64,12.00,1870743,56479251,26261711,53.5020,117.142,594.000,606.000,628.000,630.000,8934,900,8934,428,0,0,0
fsA_dpdk,64,15.00,2337985,70585175,26291713,62.7518,103.117,594.000,604.000,606.000,940.000,2351,6575,2351,5,847,0,0
fsA_dpdk,64,20.00,3116599,94091796,26292805,72.0562,117.045,594.000,624.000,628.000,630.000,8111,1305,8111,704,0,0,0
fsA_dpdk,64,30.00,4674037,141114717,26287567,81.3715,109.695,568.000,598.000,600.000,602.000,4309,4498,4309,3,1676,0,0
fsA_dpdk,128,1.00,87880,2652801,2643453,0.3524,84.316,96.000,98.000,98.000,102.000,40637,1,40637,3,0,0,0
fsA_dpdk,128,2.00,174279,5264511,5245082,0.3691,95.880,164.000,166.000,166.000,172.000,40631,1,40631,16,0,0,0
fsA_dpdk,128,3.00,260936,7876414,7846603,0.3785,84.538,96.000,98.000,98.000,108.000,40626,1,40626,31,0,0,0
fsA_dpdk,128,4.00,347851,10525790,10477232,0.4613,84.350,96.000,98.000,98.000,162.000,54213,7,54213,104,1094,0,0
fsA_dpdk,128,5.00,558975,13116997,13060451,0.4311,6.728,164.000,166.000,166.000,182.000,50780,4,50780,35,5274,0,0
fsA_dpdk,128,6.00,520663,15721980,15657543,0.4099,95.042,116.000,118.000,118.000,148.000,48736,5,48736,42,63,0,0
fsA_dpdk,128,8.00,693898,20951084,20863802,0.4166,109.957,164.000,166.000,166.000,174.000,54152,6,54152,18,1078,0,0
fsA_dpdk,128,10.00,867147,26179334,25999301,0.6877,110.774,578.000,602.000,636.000,636.000,1649,219,1649,24,0,0,0
fsA_dpdk,128,12.00,1040010,31397545,25945618,17.3642,111.042,112.000,112.000,112.000,112.000,1,7653,1,1,558,0,0
fsA_dpdk,128,15.00,1299571,39234484,25943120,33.8767,110.636,112.000,604.000,604.000,604.000,3,7888,3,2,0,0,0
fsA_dpdk,128,20.00,1732363,52344680,25985696,50.3566,95.336,574.000,608.000,630.000,644.000,3880,887,3880,43,0,0,0
fsA_dpdk,128,30.00,2597417,78418498,25953232,66.9042,112.027,602.000,612.000,636.000,638.000,7263,900,7263,365,1186,0,0
fsA_dpdk,256,1.00,57330,1404363,1399286,0.3615,98.442,102.000,104.000,104.000,106.000,21512,1,21512,2,0,0,0
fsA_dpdk,256,2.00,93015,2808660,2799223,0.3360,98.192,102.000,104.000,104.000,120.000,43024,2,43024,21,0,0,0
fsA_dpdk,256,3.00,138417,4193416,4152187,0.9832,8.504,174.000,176.000,176.000,758.000,32095,6,32095,67,2354,0,0
fsA_dpdk,256,4.00,247422,5574358,5554495,0.3563,103.034,174.000,176.000,176.000,182.000,43019,4,43019,20,0,0,0
fsA_dpdk,256,5.00,230781,6967897,6942688,0.3618,105.287,174.000,176.000,176.000,180.000,53771,3,53771,22,0,0,0
fsA_dpdk,256,6.00,276311,8340378,8309758,0.3671,98.319,102.000,104.000,104.000,106.000,43017,3,43017,25,0,0,0
fsA_dpdk,256,8.00,368309,11120412,11078524,0.3767,97.743,102.000,104.000,104.000,112.000,57349,5,57349,30,0,0,0
fsA_dpdk,256,10.00,459773,13885282,13830759,0.3927,103.428,174.000,176.000,176.000,180.000,53765,7,53765,19,0,0,0
fsA_dpdk,256,12.00,551350,16646388,16579159,0.4039,103.528,138.000,138.000,140.000,154.000,51598,8,51598,22,95,0,0
fsA_dpdk,256,15.00,688797,20796638,20711166,0.4110,34.824,174.000,176.000,176.000,180.000,53744,8,53744,23,0,0,0
fsA_dpdk,256,20.00,917885,27711521,24714609,10.8147,105.283,674.000,676.000,678.000,678.000,263,9446,263,13,399,0,0
fsA_dpdk,256,30.00,0,41544244,24714320,40.5108,103.250,104.000,104.000,104.000,104.000,1,10777,1,1,0,0,0
fsA_dpdk,512,1.00,23985,723467,721880,0.2194,92.986,96.000,96.000,98.000,104.000,11083,0,11083,5,0,0,0
fsA_dpdk,512,2.00,47905,1446936,1443260,0.2541,93.083,96.000,96.000,98.000,102.000,22164,2,22164,9,0,0,0
fsA_dpdk,512,3.00,93795,2170338,2164484,0.2697,92.836,96.000,96.000,98.000,104.000,33247,1,33247,17,0,0,0
fsA_dpdk,512,4.00,95875,2893803,2885753,0.2782,93.172,96.000,96.000,98.000,104.000,44321,3,44321,7,0,0,0
fsA_dpdk,512,5.00,119795,3617270,3607065,0.2821,93.051,96.000,96.000,98.000,104.000,55404,4,55404,26,0,0,0
fsA_dpdk,512,6.00,142674,4307486,4294541,0.3005,7.072,172.000,172.000,174.000,178.000,33231,5,33231,59,0,0,0
fsA_dpdk,512,8.00,190275,5743404,5726144,0.3005,95.106,172.000,172.000,174.000,178.000,44312,6,44312,18,0,0,0
fsA_dpdk,512,10.00,237876,7179513,7157339,0.3089,106.991,172.000,172.000,174.000,182.000,55393,7,55393,28,0,0,0
fsA_dpdk,512,12.00,284675,8592947,8565632,0.3179,92.273,96.000,96.000,98.000,104.000,44308,9,44308,17,0,0,0
fsA_dpdk,512,15.00,355892,10741046,10705153,0.3342,93.191,96.000,98.000,98.000,104.000,55374,11,55374,17,336,0,0
fsA_dpdk,512,20.00,617956,14303095,14252083,0.3567,107.400,172.000,172.000,174.000,178.000,55355,17,55355,14,468,0,0
fsA_dpdk,512,30.00,709806,21426755,21344420,0.3843,106.694,172.000,172.000,174.000,186.000,55337,27,55337,36,0,0,0
fsA_dpdk,1024,1.00,12155,367291,367111,0.0490,108.643,112.000,116.000,122.000,124.000,5627,0,5627,1,0,0,0
fsA_dpdk,1024,2.00,24373,735331,731703,0.4934,108.607,112.000,114.000,122.000,876.000,11167,2,11167,84,1985,0,0
fsA_dpdk,1024,3.00,36530,1102200,1099858,0.2125,108.509,112.000,114.000,120.000,2346.000,16873,1,16873,34,895,0,0
fsA_dpdk,1024,4.00,48685,1469232,1467136,0.1427,108.478,112.000,114.000,120.000,124.000,22509,1,22509,8,0,0,0
fsA_dpdk,1024,5.00,60840,1836522,1833738,0.1516,108.464,112.000,114.000,120.000,124.000,28133,1,28133,24,0,0,0
fsA_dpdk,1024,6.00,72995,2203747,2200255,0.1585,108.537,112.000,114.000,120.000,132.000,33759,1,33759,15,0,0,0
fsA_dpdk,1024,8.00,0,2938393,2933543,0.1651,108.442,112.000,114.000,118.000,124.000,45008,2,45008,18,0,0,0
fsA_dpdk,1024,10.00,121680,3672969,3666656,0.1719,108.352,112.000,114.000,118.000,136.000,56250,4,56250,42,0,0,0
fsA_dpdk,1024,12.00,144867,4373804,4365950,0.1796,111.412,200.000,204.000,206.000,214.000,33757,4,33757,14,0,0,0
fsA_dpdk,1024,15.00,181098,5467357,5455679,0.2136,110.065,200.000,202.000,206.000,222.000,42170,6,42170,41,1349,0,0
fsA_dpdk,1024,20.00,241372,7289738,7274989,0.2023,111.884,198.000,202.000,206.000,224.000,56231,9,56231,50,0,0,0
fsA_dpdk,1024,30.00,361296,10906564,10863427,0.3955,108.506,112.000,114.000,122.000,940.000,56113,13,56113,57,17479,0,0
fsA_dpdk,1280,1.00,9750,294756,294756,0.0000,116.032,126.000,126.000,128.000,130.000,4516,0,4516,3,0,0,0
fsA_dpdk,1280,2.00,19565,589447,589162,0.0484,115.778,126.000,126.000,128.000,128.000,9028,1,9028,1,0,0,0
fsA_dpdk,1280,3.00,29315,884269,883641,0.0710,116.075,126.000,126.000,128.000,132.000,13547,1,13547,11,0,0,0
fsA_dpdk,1280,4.00,39065,1178961,1177963,0.0847,115.961,126.000,126.000,128.000,138.000,18060,2,18060,7,0,0,0
fsA_dpdk,1280,5.00,48815,1473717,1472324,0.0945,115.689,126.000,126.000,128.000,132.000,22575,3,22575,12,0,0,0
fsA_dpdk,1280,6.00,74620,1768473,1766703,0.1001,115.855,126.000,126.000,128.000,130.000,27090,3,27090,3,0,0,0
fsA_dpdk,1280,8.00,78130,2357984,2355376,0.1106,115.762,124.000,126.000,128.000,146.000,36120,4,36120,25,0,0,0
fsA_dpdk,1280,10.00,97630,2947469,2944069,0.1154,114.368,124.000,126.000,128.000,130.000,45121,6,45121,13,0,0,0
fsA_dpdk,1280,12.00,117130,3536934,3532623,0.1219,115.732,124.000,126.000,128.000,132.000,54165,7,54165,28,0,0,0
fsA_dpdk,1280,15.00,145306,4387416,4381715,0.1299,122.990,222.000,224.000,226.000,246.000,33862,7,33862,21,0,0,0
fsA_dpdk,1280,20.00,193758,5849899,5841696,0.1402,122.122,222.000,224.000,226.000,248.000,45137,10,45137,28,0,0,0
fsA_dpdk,1280,30.00,289912,8752101,8737126,0.1711,115.711,126.000,126.000,128.000,2786.000,45103,21,45103,20,0,0,0
fsA_dpdk,1514,1.00,8320,249584,249455,0.0517,124.803,130.000,134.000,136.000,138.000,3824,0,3824,3,0,0,0
fsA_dpdk,1514,2.00,16510,499297,499032,0.0531,123.557,130.000,134.000,134.000,138.000,7649,0,7649,7,0,0,0
fsA_dpdk,1514,3.00,24830,748947,748538,0.0546,124.229,130.000,134.000,134.000,138.000,11475,0,11475,7,0,0,0
fsA_dpdk,1514,4.00,33085,998596,997941,0.0656,124.676,130.000,134.000,134.000,144.000,15300,0,15300,9,0,0,0
fsA_dpdk,1514,5.00,53755,1248310,1247393,0.0735,123.612,130.000,134.000,134.000,148.000,19126,0,19126,13,0,0,0
fsA_dpdk,1514,6.00,49595,1498025,1496823,0.0802,124.631,130.000,134.000,134.000,150.000,22953,0,22953,17,0,0,0
fsA_dpdk,1514,8.00,66170,1997322,1995561,0.0882,123.614,130.000,134.000,134.000,148.000,30597,2,30597,13,0,0,0
fsA_dpdk,1514,10.00,82745,2496682,2494349,0.0934,123.643,132.000,134.000,134.000,144.000,38247,1,38247,15,0,0,0
fsA_dpdk,1514,12.00,99228,2995976,2993017,0.0988,123.281,132.000,134.000,134.000,146.000,45891,2,45891,24,0,0,0
fsA_dpdk,1514,15.00,124020,3744838,3739935,0.1309,123.588,132.000,134.000,134.000,160.000,57275,4,57275,39,0,0,0
fsA_dpdk,1514,20.00,164088,4955056,4901853,1.0737,131.398,236.000,238.000,242.000,3150.000,38251,2,38251,40,0,0,0
fsA_dpdk,1514,30.00,246261,7432842,7344144,1.1933,147.274,236.000,238.000,244.000,3162.000,57335,7,57335,28,0,0,0
fsB_bigbuf,64,1.00,156864,4745912,4712794,0.6978,146.377,270.000,270.000,272.000,2990.000,36490,7,36490,199,3724,0,0
fsB_bigbuf,64,2.00,313046,9451824,9410787,0.4342,168.707,194.000,196.000,198.000,200.000,48736,2,48736,25,0,0,0
fsB_bigbuf,64,3.00,469025,14161170,14101035,0.4246,190.081,270.000,270.000,272.000,296.000,54842,3,54842,31,0,0,0
fsB_bigbuf,64,4.00,624922,18865689,14910172,20.9667,182.826,834.000,848.000,854.000,884.000,1011,6269,1011,41,520,0,0
fsB_bigbuf,64,5.00,780362,23560798,14929825,36.6328,182.873,832.000,844.000,888.000,890.000,1822,5751,1822,99,0,0,0
fsB_bigbuf,64,6.00,1255311,28265620,14927039,47.1901,152.726,154.000,154.000,154.000,154.000,2,5473,2,2,0,0,0
fsB_bigbuf,64,8.00,1247771,37671962,14927360,60.3754,194.394,836.000,842.000,850.000,852.000,178,7020,178,5,0,0,0
fsB_bigbuf,64,10.00,1559248,47073679,14917950,68.3094,196.486,832.000,852.000,892.000,894.000,1863,4673,1863,261,98,0,0
fsB_bigbuf,64,12.00,1870778,56479382,14930680,73.5644,195.157,834.000,836.000,836.000,836.000,5,4946,5,3,0,0,0
fsB_bigbuf,64,15.00,2337857,70582356,14917649,78.8649,186.283,836.000,840.000,844.000,846.000,255,4633,255,4,343,0,0
fsB_bigbuf,64,20.00,3116635,94097874,14913168,84.1514,151.469,298.000,1290.000,1290.000,1290.000,4,4918,4,3,0,0,0
fsB_bigbuf,64,30.00,4674116,141115984,14897464,89.4431,153.283,1292.000,1304.000,1304.000,1304.000,6,5181,6,3,0,0,0
fsB_bigbuf,128,1.00,87880,2652575,2641065,0.4339,136.799,150.000,150.000,152.000,154.000,40604,1,40604,18,0,0,0
fsB_bigbuf,128,2.00,174356,5264770,5237182,0.5240,148.592,272.000,274.000,274.000,276.000,40568,2,40568,25,0,0,0
fsB_bigbuf,128,3.00,260871,7878263,7843320,0.4435,148.729,156.000,156.000,158.000,166.000,40617,2,40617,29,0,0,0
fsB_bigbuf,128,4.00,347979,10502184,10458905,0.4121,149.050,220.000,220.000,222.000,224.000,54168,2,54168,29,0,0,0
fsB_bigbuf,128,5.00,567070,13111024,13055956,0.4200,190.831,272.000,274.000,274.000,286.000,50780,2,50780,27,0,0,0
fsB_bigbuf,128,6.00,520790,15721348,14757460,6.1311,193.100,836.000,868.000,872.000,872.000,75,5228,75,2,0,0,0
fsB_bigbuf,128,8.00,694026,20950510,14754584,29.5741,152.407,154.000,154.000,154.000,154.000,2,4899,2,2,0,0,0
fsB_bigbuf,128,10.00,1131929,26179278,14747448,43.6675,151.644,152.000,152.000,152.000,152.000,1,5397,1,1,0,0,0
fsB_bigbuf,128,12.00,1040010,31398893,14765224,52.9753,180.447,838.000,846.000,846.000,846.000,4,4387,4,3,0,0,0
fsB_bigbuf,128,15.00,1299699,39235638,14744856,62.4197,140.601,842.000,854.000,896.000,900.000,325,3761,325,49,0,0,0
fsB_bigbuf,128,20.00,1732235,52299465,14741936,71.8125,183.211,184.000,1220.000,1220.000,1220.000,3,4614,3,2,0,0,0
fsB_bigbuf,128,30.00,2597579,78419854,14745444,81.1968,180.522,864.000,1240.000,1240.000,1240.000,9,4912,9,4,476,0,0
fsB_bigbuf,256,1.00,46475,1404363,1399417,0.3522,150.776,154.000,156.000,156.000,158.000,21513,1,21513,12,0,0,0
fsB_bigbuf,256,2.00,93058,2809831,2799384,0.3718,150.195,154.000,156.000,156.000,158.000,43041,1,43041,23,0,0,0
fsB_bigbuf,256,3.00,138546,4180755,4164722,0.3835,153.872,280.000,280.000,282.000,284.000,32267,2,32267,10,0,0,0
fsB_bigbuf,256,4.00,0,5574288,5552578,0.3895,8.914,280.000,280.000,282.000,284.000,43014,2,43014,39,0,0,0
fsB_bigbuf,256,5.00,230754,6970796,6943160,0.3965,153.346,280.000,280.000,282.000,284.000,53792,2,53792,42,0,0,0
fsB_bigbuf,256,6.00,276248,8340315,8304905,0.4246,154.421,176.000,178.000,180.000,232.000,43007,3,43007,68,1912,0,0
fsB_bigbuf,256,8.00,368309,11120733,11074727,0.4137,154.388,236.000,236.000,240.000,252.000,57350,3,57350,42,0,0,0
fsB_bigbuf,256,10.00,459902,13882588,13822719,0.4313,174.754,280.000,280.000,282.000,354.000,53751,7,53751,51,1009,0,0
fsB_bigbuf,256,12.00,551478,16645622,14470163,13.0693,164.453,834.000,846.000,850.000,850.000,48,3454,48,3,0,0,0
fsB_bigbuf,256,15.00,688893,20797218,14481200,30.3695,171.853,172.000,172.000,172.000,172.000,1,3831,1,1,66,0,0
fsB_bigbuf,256,20.00,917886,27711905,14502455,47.6671,178.728,180.000,180.000,180.000,180.000,1,6857,1,1,1816,0,0
fsB_bigbuf,256,30.00,1376078,41563854,14493718,65.1290,170.517,826.000,1254.000,1254.000,1254.000,5,8360,5,4,7202,0,0
fsB_bigbuf,512,1.00,23985,723467,720746,0.3761,148.997,156.000,156.000,156.000,160.000,11083,0,11083,8,0,0,0
fsB_bigbuf,512,2.00,47905,1447001,1442274,0.3267,148.511,154.000,156.000,156.000,162.000,22164,1,22164,19,0,0,0
fsB_bigbuf,512,3.00,93798,2170273,2162974,0.3363,148.885,156.000,156.000,156.000,160.000,33242,1,33242,16,0,0,0
fsB_bigbuf,512,4.00,95875,2893867,2883927,0.3435,146.724,156.000,156.000,156.000,158.000,44321,4,44321,13,0,0,0
fsB_bigbuf,512,5.00,119860,3617204,3604534,0.3503,146.729,156.000,156.000,158.000,164.000,55400,1,55400,41,0,0,0
fsB_bigbuf,512,6.00,142674,4307559,4292153,0.3577,167.493,284.000,286.000,286.000,290.000,33241,1,33241,13,0,0,0
fsB_bigbuf,512,8.00,190146,5743242,5718743,0.4266,154.217,284.000,286.000,286.000,290.000,44273,9,44273,26,0,0,0
fsB_bigbuf,512,10.00,237876,7179319,7150530,0.4010,164.922,284.000,286.000,288.000,292.000,55374,11,55374,33,1739,0,0
fsB_bigbuf,512,12.00,284610,8592819,8559550,0.3872,154.529,194.000,196.000,198.000,202.000,44307,7,44307,22,0,0,0
fsB_bigbuf,512,15.00,355827,10740918,10697729,0.4021,165.009,236.000,238.000,240.000,246.000,55371,10,55371,38,0,0,0
fsB_bigbuf,512,20.00,0,14302710,13847988,3.1793,163.808,894.000,902.000,918.000,924.000,7866,11656,7866,4,489,0,0
fsB_bigbuf,512,30.00,709748,21442211,13783073,35.7199,164.466,406.000,3184.000,3896.000,3896.000,11,12386,11,11,41839,0,0
fsB_bigbuf,1024,1.00,12155,367486,366173,0.3573,159.470,170.000,174.000,176.000,8192.000,5630,0,5630,70,0,0,0
fsB_bigbuf,1024,2.00,24375,734582,732838,0.2374,160.709,170.000,174.000,176.000,190.000,11254,0,11254,15,0,0,0
fsB_bigbuf,1024,3.00,36530,1102185,1098743,0.3123,159.581,170.000,172.000,176.000,176.000,16866,1,16866,9,0,0,0
fsB_bigbuf,1024,4.00,48676,1469150,1465079,0.2771,160.942,170.000,172.000,176.000,176.000,22485,1,22485,8,0,0,0
fsB_bigbuf,1024,5.00,60840,1838204,1833117,0.2767,159.497,170.000,172.000,176.000,180.000,28146,1,28146,20,0,0,0
fsB_bigbuf,1024,6.00,72995,2203748,2197672,0.2757,160.351,170.000,172.000,174.000,176.000,33750,1,33750,12,0,0,0
fsB_bigbuf,1024,8.00,97305,2938197,2929839,0.2845,160.350,170.000,172.000,174.000,178.000,44997,1,44997,23,0,0,0
fsB_bigbuf,1024,10.00,163020,3672966,3662222,0.2925,159.271,170.000,172.000,174.000,176.000,56241,1,56241,41,0,0,0
fsB_bigbuf,1024,12.00,144803,4373806,4360579,0.3024,167.560,300.000,300.000,310.000,312.000,33742,1,33742,17,0,0,0
fsB_bigbuf,1024,15.00,181116,5467171,5449970,0.3146,168.346,300.000,300.000,310.000,336.000,42185,2,42185,50,0,0,0
fsB_bigbuf,1024,20.00,323403,7289608,7264939,0.3384,181.161,300.000,302.000,312.000,324.000,56217,6,56217,62,191,0,0
fsB_bigbuf,1024,30.00,361296,10910356,10848533,0.5666,167.449,272.000,274.000,276.000,1580.000,56107,11,56107,194,19470,0,0
fsB_bigbuf,1280,1.00,9750,294821,294407,0.1404,168.122,178.000,180.000,180.000,288.000,4517,0,4517,10,0,0,0
fsB_bigbuf,1280,2.00,19565,589446,588238,0.2049,167.750,178.000,180.000,180.000,182.000,9030,0,9030,7,0,0,0
fsB_bigbuf,1280,3.00,29315,884269,882350,0.2170,167.870,178.000,180.000,180.000,196.000,13544,2,13544,16,0,0,0
fsB_bigbuf,1280,4.00,39010,1178961,1176295,0.2261,167.620,178.000,180.000,180.000,190.000,18059,3,18059,20,0,0,0
fsB_bigbuf,1280,5.00,48815,1473717,1470259,0.2346,167.752,178.000,180.000,180.000,182.000,22571,4,22571,5,0,0,0
fsB_bigbuf,1280,6.00,58630,1768473,1764257,0.2384,167.620,178.000,180.000,180.000,182.000,27085,6,27085,18,0,0,0
fsB_bigbuf,1280,8.00,78130,2357984,2352137,0.2480,167.665,178.000,180.000,180.000,182.000,36111,8,36111,19,0,0,0
fsB_bigbuf,1280,10.00,97630,2947425,2939874,0.2562,167.462,178.000,180.000,180.000,182.000,45129,11,45129,20,0,0,0
fsB_bigbuf,1280,12.00,117130,3536928,3527602,0.2637,167.541,178.000,180.000,180.000,182.000,54144,13,54144,33,0,0,0
fsB_bigbuf,1280,15.00,189759,4387226,4375112,0.2761,176.645,318.000,322.000,324.000,326.000,33840,19,33840,34,0,0,0
fsB_bigbuf,1280,20.00,193803,5854349,5836083,0.3120,174.143,318.000,322.000,324.000,396.000,45127,31,45127,87,997,0,0
fsB_bigbuf,1280,30.00,289886,8752437,8722608,0.3408,170.868,246.000,248.000,250.000,262.000,45071,43,45071,53,0,0,0
fsB_bigbuf,1514,1.00,8255,249584,249303,0.1126,183.607,190.000,192.000,196.000,206.000,3824,0,3824,1,0,0,0
fsB_bigbuf,1514,2.00,16575,499232,498438,0.1590,183.380,190.000,192.000,196.000,200.000,7648,0,7648,5,0,0,0
fsB_bigbuf,1514,3.00,24830,748947,747536,0.1884,185.459,190.000,192.000,196.000,200.000,11473,1,11473,5,0,0,0
fsB_bigbuf,1514,4.00,33085,998597,996595,0.2005,183.032,190.000,192.000,196.000,198.000,15296,2,15296,5,0,0,0
fsB_bigbuf,1514,5.00,41396,1248311,1245742,0.2058,182.104,190.000,192.000,196.000,200.000,19120,3,19120,16,0,0,0
fsB_bigbuf,1514,6.00,63895,1498025,1494847,0.2121,182.978,190.000,192.000,196.000,212.000,22945,3,22945,24,0,0,0
fsB_bigbuf,1514,8.00,66170,1997322,1992924,0.2202,182.571,190.000,192.000,196.000,198.000,30589,4,30589,18,0,0,0
fsB_bigbuf,1514,10.00,82745,2496616,2490937,0.2275,181.093,190.000,192.000,196.000,198.000,38234,5,38234,11,0,0,0
fsB_bigbuf,1514,12.00,99232,2995975,2988718,0.2422,181.079,190.000,192.000,196.000,210.000,45870,9,45870,40,218,0,0
fsB_bigbuf,1514,15.00,124085,3747357,3734783,0.3355,180.770,190.000,192.000,196.000,1126.000,57170,12,57170,240,2789,0,0
fsB_bigbuf,1514,20.00,164199,4956974,4942922,0.2835,189.174,336.000,338.000,340.000,376.000,38206,17,38206,54,252,0,0
fsB_bigbuf,1514,30.00,246132,7432388,7409829,0.3035,203.496,336.000,338.000,342.000,352.000,57277,26,57277,41,0,0,0
fsB_capio,64,1.00,156993,4743624,4719992,0.4982,147.471,270.000,272.000,272.000,520.000,36570,2,36570,103,4940,0,0
fsB_capio,64,2.00,313110,9457253,9409904,0.5007,141.162,196.000,196.000,198.000,216.000,48725,4,48725,50,0,0,0
fsB_capio,64,3.00,469025,14161154,14087695,0.5187,181.117,270.000,272.000,272.000,308.000,54787,6,54787,45,9531,0,0
fsB_capio,64,4.00,624969,18867741,15050550,20.2313,187.579,836.000,1212.000,1224.000,1224.000,15,3050,15,6,172,0,0
fsB_capio,64,5.00,0,23560666,15053592,36.1071,142.762,824.000,832.000,846.000,886.000,1258,4532,1258,36,0,0,0
fsB_capio,64,6.00,936225,28271966,15069680,46.6974,141.976,1286.000,1292.000,1292.000,1292.000,5,5130,5,2,0,0,0
fsB_capio,64,8.00,1247767,37676690,15057936,60.0338,180.319,830.000,840.000,884.000,890.000,359,5585,359,15,0,0,0
fsB_capio,64,10.00,2034570,47084507,15067064,68.0000,188.956,834.000,878.000,1288.000,1288.000,74,2923,74,16,408,0,0
fsB_capio,64,12.00,1870683,56522230,15051808,73.3701,198.078,828.000,832.000,1294.000,1294.000,71,5063,71,7,0,0,0
fsB_capio,64,15.00,2337922,70585047,15053440,78.6733,185.798,828.000,836.000,882.000,1294.000,2178,3046,2178,85,0,0,0
fsB_capio,64,20.00,3116698,94097878,15058224,83.9973,180.894,826.000,1230.000,1300.000,1300.000,70,4858,70,6,0,0,0
fsB_capio,64,30.00,4674101,141118730,15050640,89.3348,193.396,1286.000,1298.000,1302.000,1302.000,19,4520,19,6,0,0,0
fsB_capio,128,1.00,87880,2652735,2642716,0.3777,138.223,150.000,152.000,152.000,154.000,40637,1,40637,23,0,0,0
fsB_capio,128,2.00,174408,5264702,5243882,0.3955,167.873,274.000,274.000,276.000,278.000,40630,2,40630,34,0,0,0
fsB_capio,128,3.00,260871,7877253,7845411,0.4042,151.565,156.000,158.000,158.000,160.000,40633,2,40633,29,0,0,0
fsB_capio,128,4.00,466095,10502633,10459227,0.4133,168.715,220.000,220.000,222.000,226.000,54169,2,54169,23,0,0,0
fsB_capio,128,5.00,434330,13111282,13056298,0.4194,181.623,272.000,274.000,276.000,278.000,50782,2,50782,27,0,0,0
fsB_capio,128,6.00,520727,15721794,14893570,5.2680,195.976,820.000,854.000,858.000,858.000,156,6870,156,3,0,0,0
fsB_capio,128,8.00,693899,20951788,14893119,28.9172,188.003,190.000,190.000,190.000,190.000,2,4811,2,2,0,0,0
fsB_capio,128,10.00,867147,26179594,14907980,43.0550,201.607,828.000,836.000,1196.000,1196.000,35,4919,35,4,53,0,0
fsB_capio,128,12.00,1040059,31470364,14897927,52.6605,153.884,296.000,762.000,766.000,766.000,12,4293,12,11,65,0,0
fsB_capio,128,15.00,1299571,39269411,14911280,62.0283,196.821,198.000,840.000,840.000,840.000,3,4139,3,3,1240,0,0
fsB_capio,128,20.00,1732363,52298820,14908288,71.4940,192.090,844.000,854.000,1204.000,1204.000,91,4624,91,6,0,0,0
fsB_capio,128,30.00,2597452,78421386,14889336,81.0137,183.095,836.000,844.000,1198.000,1198.000,15,4906,15,3,0,0,0
fsB_capio,256,1.00,46540,1404297,1399359,0.3516,152.981,156.000,156.000,158.000,174.000,21511,1,21511,23,0,0,0
fsB_capio,256,2.00,93080,2808725,2798296,0.3713,152.502,156.000,156.000,158.000,160.000,43023,1,43023,21,0,0,0
fsB_capio,256,3.00,180729,4180821,4164790,0.3834,155.537,280.000,282.000,282.000,284.000,32269,1,32269,28,0,0,0
fsB_capio,256,4.00,184728,5574614,5552823,0.3909,155.404,280.000,282.000,284.000,286.000,43021,1,43021,38,0,0,0
fsB_capio,256,5.00,230781,6968027,6940529,0.3946,169.522,280.000,282.000,284.000,284.000,53773,3,53773,19,0,0,0
fsB_capio,256,6.00,276311,8340247,8306580,0.4037,154.995,178.000,180.000,180.000,188.000,43014,1,43014,24,0,0,0
fsB_capio,256,8.00,368308,11124775,11057129,0.6081,154.085,238.000,240.000,242.000,442.000,57249,7,57249,148,20950,0,0
fsB_capio,256,10.00,459773,13882784,13811945,0.5103,9.136,280.000,282.000,282.000,698.000,53679,13,53679,90,0,0,0
fsB_capio,256,12.00,551328,16646200,14674079,11.8473,166.754,842.000,880.000,884.000,888.000,1301,658,1301,89,0,0,0
fsB_capio,256,15.00,688792,20796387,14667228,29.4722,173.803,174.000,174.000,174.000,174.000,1,3794,1,1,0,0,0
fsB_capio,256,20.00,1203114,27711773,14679559,47.0277,164.898,166.000,166.000,166.000,166.000,2,5540,2,2,0,0,0
fsB_capio,256,30.00,1376095,41568000,14684800,64.6728,164.329,170.000,832.000,832.000,832.000,5,6147,5,5,0,0,0
fsB_capio,512,1.00,23920,723467,720874,0.3584,151.161,156.000,158.000,158.000,162.000,11083,0,11083,10,0,0,0
fsB_capio,512,2.00,47905,1446871,1442273,0.3178,150.479,156.000,158.000,158.000,160.000,22163,1,22163,13,0,0,0
fsB_capio,512,3.00,71890,2170401,2163171,0.3331,150.822,156.000,158.000,158.000,166.000,33244,2,33244,37,0,0,0
fsB_capio,512,4.00,95875,2893804,2883924,0.3414,148.946,156.000,158.000,158.000,160.000,44322,3,44322,15,0,0,0
fsB_capio,512,5.00,119807,3617329,3604698,0.3492,149.203,156.000,158.000,158.000,160.000,55396,3,55396,22,0,0,0
fsB_capio,512,6.00,142674,4307622,4292355,0.3544,167.278,288.000,288.000,290.000,292.000,33239,5,33239,9,0,0,0
fsB_capio,512,8.00,0,5743469,5722352,0.3677,161.927,288.000,288.000,290.000,292.000,44313,5,44313,24,0,0,0
fsB_capio,512,10.00,237788,7179317,7152423,0.3746,161.698,288.000,288.000,290.000,292.000,55386,5,55386,22,0,0,0
fsB_capio,512,12.00,284675,8593076,8559981,0.3851,164.349,196.000,198.000,198.000,200.000,44307,8,44307,21,0,0,0
fsB_capio,512,15.00,0,10741366,10698288,0.4010,161.303,238.000,240.000,242.000,244.000,55371,8,55371,35,0,0,0
fsB_capio,512,20.00,473780,14303417,14084381,1.5314,169.739,880.000,886.000,892.000,894.000,5990,11701,5990,8,0,0,0
fsB_capio,512,30.00,709727,21426933,14083040,34.2741,166.985,882.000,886.000,886.000,886.000,5,10635,5,2,0,0,0
fsB_capio,1024,1.00,12155,367356,366155,0.3269,162.549,174.000,176.000,178.000,8192.000,5628,0,5628,57,0,0,0
fsB_capio,1024,2.00,24375,734647,732936,0.2329,162.218,172.000,176.000,176.000,190.000,11255,0,11255,4,0,0,0
fsB_capio,1024,3.00,36465,1101998,1099203,0.2536,162.055,172.000,176.000,176.000,290.000,16875,1,16875,27,0,0,0
fsB_capio,1024,4.00,65248,1469277,1464725,0.3098,161.915,172.000,176.000,176.000,1364.000,22480,3,22480,71,534,0,0
fsB_capio,1024,5.00,60796,1836522,1831608,0.2676,162.420,172.000,176.000,176.000,190.000,28129,2,28129,14,0,0,0
fsB_capio,1024,6.00,72995,2207253,2201245,0.2722,161.917,172.000,176.000,176.000,3006.000,33798,3,33798,128,0,0,0
fsB_capio,1024,8.00,97370,2938650,2926469,0.4145,161.334,172.000,176.000,176.000,218.000,44939,5,44939,67,3923,0,0
fsB_capio,1024,10.00,121680,3674713,3664080,0.2894,161.866,172.000,176.000,176.000,188.000,56261,5,56261,49,0,0,0
fsB_capio,1024,12.00,144867,4374197,4357092,0.3910,170.385,300.000,304.000,312.000,316.000,33685,8,33685,44,0,0,0
fsB_capio,1024,15.00,181073,5468163,5449200,0.3468,169.876,300.000,302.000,312.000,342.000,42142,10,42142,82,0,0,0
fsB_capio,1024,20.00,241488,7292969,7257554,0.4856,158.996,300.000,302.000,312.000,378.000,56096,19,56096,80,0,0,0
fsB_capio,1024,30.00,361296,10914982,10859896,0.5047,9.636,272.000,274.000,276.000,296.000,56111,31,56111,40,0,0,0
fsB_capio,1280,1.00,9750,294821,294408,0.1401,169.284,176.000,180.000,180.000,232.000,4517,0,4517,12,0,0,0
fsB_capio,1280,2.00,19565,589771,588562,0.2050,169.288,176.000,180.000,180.000,8192.000,9032,1,9032,46,100,0,0
fsB_capio,1280,3.00,39260,884592,881749,0.3214,169.099,176.000,180.000,180.000,8192.000,13530,4,13530,63,957,0,0
fsB_capio,1280,4.00,39065,1179026,1176406,0.2222,169.241,176.000,180.000,180.000,186.000,18059,2,18059,11,0,0,0
fsB_capio,1280,5.00,48815,1475732,1472332,0.2304,169.226,176.000,180.000,180.000,196.000,22602,3,22602,14,0,0,0
fsB_capio,1280,6.00,58630,1768731,1764568,0.2354,168.938,176.000,180.000,180.000,204.000,27088,4,27088,28,0,0,0
fsB_capio,1280,8.00,78130,2358243,2350355,0.3345,168.912,178.000,180.000,180.000,336.000,36079,7,36079,55,2150,0,0
fsB_capio,1280,10.00,97656,2948333,2940959,0.2501,169.072,178.000,180.000,180.000,202.000,45144,7,45144,36,0,0,0
fsB_capio,1280,12.00,117189,3538831,3528305,0.2974,168.696,178.000,180.000,182.000,204.000,54128,12,54128,63,0,0,0
fsB_capio,1280,15.00,145383,4391221,4379340,0.2706,175.540,322.000,324.000,326.000,336.000,33871,13,33871,29,0,0,0
fsB_capio,1280,20.00,0,5850327,5831377,0.3239,176.803,320.000,324.000,326.000,340.000,45085,22,45085,28,0,0,0
fsB_capio,1280,30.00,289886,8752887,8723670,0.3338,189.885,244.000,246.000,248.000,272.000,45087,31,45087,34,66,0,0
fsB_capio,1514,1.00,8255,251035,248010,1.2050,187.278,192.000,194.000,764.000,8192.000,3788,1,3788,86,1386,0,0
fsB_capio,1514,2.00,21580,501909,500346,0.3114,181.996,192.000,194.000,230.000,8192.000,7635,1,7635,121,0,0,0
fsB_capio,1514,3.00,24765,749005,747609,0.1864,182.741,192.000,194.000,198.000,230.000,11466,1,11466,23,0,0,0
fsB_capio,1514,4.00,44395,999831,997891,0.1940,181.805,192.000,194.000,198.000,232.000,15315,2,15315,21,0,0,0
fsB_capio,1514,5.00,41340,1248765,1246237,0.2024,183.201,192.000,194.000,198.000,200.000,19125,4,19125,11,0,0,0
fsB_capio,1514,6.00,49660,1498799,1495259,0.2362,181.897,192.000,194.000,198.000,3340.000,22939,7,22939,36,412,0,0
fsB_capio,1514,8.00,66105,1998167,1993869,0.2151,181.962,192.000,194.000,198.000,204.000,30603,6,30603,21,0,0,0
fsB_capio,1514,10.00,82715,2496773,2490397,0.2554,181.754,192.000,194.000,198.000,324.000,38127,10,38127,164,0,0,0
fsB_capio,1514,12.00,99255,2996222,2989265,0.2322,9.938,192.000,194.000,198.000,208.000,45868,9,45868,30,0,0,0
fsB_capio,1514,15.00,124020,3745170,3736178,0.2401,181.239,192.000,194.000,198.000,202.000,57326,15,57326,30,0,0,0
fsB_capio,1514,20.00,164181,4955558,4799805,3.1430,122.983,324.000,330.000,338.000,340.000,38196,22,38196,27,0,0,0
fsB_capio,1514,30.00,246132,7433097,7196557,3.1823,198.460,324.000,330.000,338.000,340.000,57272,37,57272,17,0,0,0
fsB_txfix,64,1.00,157057,4739309,4701226,0.8036,8.571,268.000,270.000,270.000,3250.000,36367,5,36367,427,2054,0,0
fsB_txfix,64,2.00,0,9466399,9420004,0.4901,147.998,192.000,194.000,194.000,230.000,48778,3,48778,63,1390,0,0
fsB_txfix,64,3.00,469025,14160080,14100405,0.4214,166.259,268.000,270.000,270.000,304.000,54843,2,54843,57,0,0,0
fsB_txfix,64,4.00,624922,18865367,14979222,20.5994,179.107,836.000,846.000,880.000,884.000,401,5846,401,17,0,0,0
fsB_txfix,64,5.00,1045977,23561183,14982600,36.4098,181.100,828.000,842.000,886.000,888.000,1564,6550,1564,124,0,0,0
fsB_txfix,64,6.00,936225,28265170,14988441,46.9720,150.683,152.000,152.000,152.000,152.000,1,5603,1,1,1927,0,0
fsB_txfix,64,8.00,1247835,37691739,14999183,60.2056,172.984,834.000,842.000,890.000,1034.000,509,6340,509,26,129,0,0
fsB_txfix,64,10.00,1559248,47072975,14987104,68.1620,189.222,834.000,880.000,884.000,888.000,654,4317,654,132,0,0,0
fsB_txfix,64,12.00,1870818,56481610,14994968,73.4516,195.386,828.000,832.000,834.000,834.000,11,5008,11,3,0,0,0
fsB_txfix,64,15.00,2337930,70585057,14979352,78.7783,154.022,830.000,836.000,882.000,1290.000,1213,3835,1213,35,0,0,0
fsB_txfix,64,20.00,3395516,102580119,14485258,85.8791,8.458,660.000,1302.000,8192.000,8192.000,251,4682,251,164,555438,0,0
fsB_txfix,64,30.00,4674118,141116315,15016960,89.3585,151.870,1286.000,1302.000,1336.000,1336.000,33,4888,33,15,0,0,0
fsB_txfix,128,1.00,87880,2652642,2641366,0.4251,136.628,148.000,150.000,150.000,154.000,40606,1,40606,38,0,0,0
fsB_txfix,128,2.00,174408,5264768,5241626,0.4396,138.144,272.000,272.000,274.000,276.000,40612,2,40612,37,2360,0,0
fsB_txfix,128,3.00,260936,7877253,7843206,0.4322,140.914,154.000,154.000,156.000,158.000,40621,3,40621,23,2203,0,0
fsB_txfix,128,4.00,347851,10504436,10461120,0.4124,179.290,218.000,218.000,220.000,224.000,54181,2,54181,34,0,0,0
fsB_txfix,128,5.00,434201,13111089,13056108,0.4193,147.477,272.000,272.000,274.000,276.000,50783,1,50783,23,0,0,0
fsB_txfix,128,6.00,679215,15721282,14840459,5.6027,197.550,828.000,858.000,862.000,862.000,59,5970,59,2,0,0,0
fsB_txfix,128,8.00,693898,20950580,14843504,29.1499,186.357,188.000,838.000,838.000,838.000,3,4936,3,3,0,0,0
fsB_txfix,128,10.00,867147,26178440,14839040,43.3158,194.456,830.000,834.000,836.000,836.000,14,5479,14,2,0,0,0
fsB_txfix,128,12.00,1040052,31399086,14845376,52.7204,194.986,196.000,196.000,196.000,196.000,2,4390,2,2,0,0,0
fsB_txfix,128,15.00,1299571,39236284,14822144,62.2234,180.430,840.000,892.000,1208.000,1208.000,13,3995,13,6,0,0,0
fsB_txfix,128,20.00,1732280,52299529,14830040,71.6440,181.685,846.000,850.000,850.000,850.000,11,4946,11,2,0,0,0
fsB_txfix,128,30.00,2597579,78418632,14813400,81.1098,152.826,840.000,1198.000,1198.000,1198.000,9,5053,9,4,0,0,0
fsB_txfix,256,1.00,46485,1404359,1399437,0.3505,150.354,154.000,154.000,156.000,182.000,21509,1,21509,25,0,0,0
fsB_txfix,256,2.00,124345,2808724,2798314,0.3706,150.566,154.000,154.000,156.000,158.000,43023,1,43023,24,0,0,0
fsB_txfix,256,3.00,138546,4180819,4164788,0.3834,167.453,278.000,278.000,280.000,296.000,32268,1,32268,40,0,0,0
fsB_txfix,256,4.00,184728,5577519,5555833,0.3888,170.877,278.000,278.000,280.000,300.000,43045,3,43045,50,0,0,0
fsB_txfix,256,5.00,230910,6967996,6937783,0.4336,153.425,278.000,278.000,280.000,284.000,53740,4,53740,50,0,0,0
fsB_txfix,256,6.00,552559,8339864,8306348,0.4019,163.298,174.000,174.000,176.000,178.000,43015,3,43015,27,0,0,0
fsB_txfix,256,8.00,368308,11120542,11074832,0.4110,171.303,232.000,234.000,236.000,238.000,57352,5,57352,30,0,0,0
fsB_txfix,256,10.00,459773,13882012,13823080,0.4245,169.697,278.000,278.000,280.000,282.000,53755,9,53755,24,454,0,0
fsB_txfix,256,12.00,551285,16645470,14572259,12.4551,171.191,840.000,862.000,888.000,892.000,3696,3559,3696,276,0,0,0
fsB_txfix,256,15.00,0,20796448,14567063,29.9541,184.036,186.000,186.000,186.000,186.000,1,3120,1,1,0,0,0
fsB_txfix,256,20.00,917864,27710818,14592664,47.3395,170.812,172.000,172.000,172.000,172.000,2,6568,2,2,0,0,0
fsB_txfix,256,30.00,1376097,41543603,14605848,64.8421,169.444,170.000,170.000,170.000,170.000,1,3968,1,1,0,0,0
fsB_txfix,512,1.00,31200,783919,714528,8.8518,10.294,154.000,156.000,8192.000,8192.000,10429,19,10429,559,10096,0,0
fsB_txfix,512,2.00,47905,1446934,1442332,0.3181,148.318,154.000,156.000,156.000,160.000,22162,1,22162,23,0,0,0
fsB_txfix,512,3.00,71877,2247490,2110850,6.0797,126.596,154.000,156.000,6100.000,8192.000,31757,41,31757,1487,44952,0,0
fsB_txfix,512,4.00,95875,2893861,2882955,0.3769,145.462,154.000,156.000,156.000,172.000,44298,3,44298,45,1002,0,0
fsB_txfix,512,5.00,119795,3617376,3604168,0.3651,145.088,154.000,156.000,156.000,158.000,55380,2,55380,25,0,0,0
fsB_txfix,512,6.00,142674,4307493,4292171,0.3557,153.583,282.000,284.000,286.000,288.000,33238,2,33238,35,0,0,0
fsB_txfix,512,8.00,190275,5743274,5722252,0.3660,154.687,282.000,284.000,286.000,290.000,44309,4,44309,36,0,0,0
fsB_txfix,512,10.00,0,7179320,7152346,0.3757,161.577,282.000,284.000,286.000,286.000,55390,8,55390,8,0,0,0
fsB_txfix,512,12.00,284610,8592868,8558042,0.4053,8.482,192.000,194.000,196.000,198.000,44291,7,44291,49,0,0,0
fsB_txfix,512,15.00,355850,10741175,10698061,0.4014,172.785,234.000,236.000,238.000,240.000,55373,9,55373,23,0,0,0
fsB_txfix,512,20.00,473780,14302711,13934413,2.5750,161.682,888.000,896.000,914.000,918.000,4909,12000,4909,5,0,0,0
fsB_txfix,512,30.00,709684,21426815,13940216,34.9403,166.399,168.000,168.000,168.000,168.000,1,13495,1,1,0,0,0
fsB_txfix,1024,1.00,12220,367417,366226,0.3242,160.837,168.000,170.000,176.000,8192.000,5625,0,5625,71,0,0,0
fsB_txfix,1024,2.00,24310,734582,732870,0.2331,159.604,168.000,170.000,174.000,176.000,11254,0,11254,10,0,0,0
fsB_txfix,1024,3.00,36530,1101875,1099069,0.2547,160.428,168.000,170.000,174.000,174.000,16878,1,16878,3,0,0,0
fsB_txfix,1024,4.00,63440,1469157,1465209,0.2687,159.833,168.000,170.000,174.000,184.000,22494,1,22494,11,0,0,0
fsB_txfix,1024,5.00,60840,1836523,1831577,0.2693,159.409,168.000,170.000,174.000,180.000,28127,2,28127,3,0,0,0
fsB_txfix,1024,6.00,72995,2203681,2197651,0.2736,158.860,168.000,170.000,174.000,176.000,33749,2,33749,15,0,0,0
fsB_txfix,1024,8.00,97305,2938458,2930167,0.2822,159.352,168.000,170.000,174.000,176.000,45005,3,45005,9,0,0,0
fsB_txfix,1024,10.00,121680,3672971,3662552,0.2837,158.159,168.000,170.000,174.000,176.000,56245,4,56245,11,0,0,0
fsB_txfix,1024,12.00,144867,4373737,4360532,0.3019,215.019,298.000,300.000,308.000,312.000,33744,5,33744,12,0,0,0
fsB_txfix,1024,15.00,181095,5467239,5450582,0.3047,166.805,298.000,300.000,308.000,310.000,42183,6,42183,15,0,0,0
fsB_txfix,1024,20.00,241460,7289606,7264987,0.3377,185.411,298.000,300.000,308.000,310.000,56216,9,56216,10,0,0,0
fsB_txfix,1024,30.00,0,10906812,10864117,0.3915,187.085,270.000,272.000,272.000,284.000,56177,18,56177,39,0,0,0
fsB_txfix,1280,1.00,9750,294886,294474,0.1397,167.174,178.000,178.000,180.000,202.000,4518,0,4518,10,0,0,0
fsB_txfix,1280,2.00,19565,589443,588320,0.1905,167.380,178.000,178.000,180.000,196.000,9027,0,9027,16,0,0,0
fsB_txfix,1280,3.00,29250,884269,882371,0.2146,167.127,178.000,178.000,180.000,180.000,13544,2,13544,1,0,0,0
fsB_txfix,1280,4.00,39051,1179077,1176437,0.2239,167.144,178.000,178.000,180.000,204.000,18045,4,18045,35,0,0,0
fsB_txfix,1280,5.00,48815,1473782,1470361,0.2321,166.895,178.000,178.000,180.000,180.000,22572,4,22572,9,0,0,0
fsB_txfix,1280,6.00,58615,1768471,1764296,0.2361,167.150,178.000,178.000,180.000,184.000,27084,5,27084,19,0,0,0
fsB_txfix,1280,8.00,78065,2357912,2351829,0.2580,167.321,178.000,178.000,180.000,180.000,36101,8,36101,12,0,0,0
fsB_txfix,1280,10.00,97630,2947488,2940027,0.2531,167.040,178.000,178.000,180.000,182.000,45127,11,45127,19,0,0,0
fsB_txfix,1280,12.00,117130,3536935,3527719,0.2606,167.373,178.000,178.000,180.000,180.000,54150,14,54150,25,0,0,0
fsB_txfix,1280,15.00,145348,4387286,4375287,0.2735,202.682,316.000,318.000,322.000,324.000,33839,17,33839,18,0,0,0
fsB_txfix,1280,20.00,260180,5849773,5832845,0.2894,170.668,316.000,320.000,322.000,324.000,45113,23,45113,10,0,0,0
fsB_txfix,1280,30.00,289916,8751925,8722508,0.3361,189.205,242.000,244.000,246.000,252.000,45075,41,45075,22,0,0,0
fsB_txfix,1514,1.00,8255,249584,249303,0.1126,185.788,190.000,192.000,196.000,198.000,3824,0,3824,3,0,0,0
fsB_txfix,1514,2.00,22165,499297,498502,0.1592,182.075,190.000,192.000,196.000,196.000,7649,0,7649,3,0,0,0
fsB_txfix,1514,3.00,24830,748947,747547,0.1869,185.713,190.000,192.000,196.000,198.000,11473,1,11473,11,0,0,0
fsB_txfix,1514,4.00,33085,998662,996652,0.2013,184.996,190.000,192.000,196.000,212.000,15297,2,15297,20,0,0,0
fsB_txfix,1514,5.00,41340,1248311,1245764,0.2040,184.498,190.000,192.000,194.000,200.000,19123,2,19123,17,0,0,0
fsB_txfix,1514,6.00,49656,1497958,1494802,0.2107,181.667,190.000,192.000,196.000,196.000,22940,4,22940,5,0,0,0
fsB_txfix,1514,8.00,66105,1997257,1992905,0.2179,180.826,190.000,192.000,194.000,196.000,30589,5,30589,6,0,0,0
fsB_txfix,1514,10.00,82680,2496615,2490971,0.2261,181.719,190.000,192.000,194.000,196.000,38226,8,38226,15,0,0,0
fsB_txfix,1514,12.00,99194,2996042,2989082,0.2323,180.621,190.000,192.000,194.000,198.000,45874,10,45874,28,0,0,0
fsB_txfix,1514,15.00,161850,3744906,3735779,0.2437,180.177,190.000,192.000,194.000,198.000,57321,14,57321,26,44,0,0
fsB_txfix,1514,20.00,164088,4955056,4793750,3.2554,188.599,322.000,324.000,334.000,338.000,38212,19,38212,14,0,0,0
fsB_txfix,1514,30.00,246132,7432389,7187895,3.2896,202.784,322.000,324.000,336.000,338.000,57268,35,57268,45,0,0,0
fsBrev_bigbuf,64,1.00,156993,4880300,4420948,9.4124,8.890,310.000,314.000,684.000,8192.000,33989,48,33989,702,89268,0,0
fsBrev_bigbuf,64,2.00,313046,9482349,8561356,9.7127,167.708,256.000,260.000,352.000,8192.000,44223,29,44223,588,26850,0,0
fsBrev_bigbuf,64,3.00,469025,14160211,11153290,21.2350,174.372,968.000,1016.000,1030.000,8192.000,970,3849,970,227,3608,0,0
fsBrev_bigbuf,64,4.00,624987,18865560,11169832,40.7925,225.528,1032.000,1054.000,1054.000,1054.000,8,3752,8,2,0,0,0
fsBrev_bigbuf,64,5.00,780426,23560926,11157424,52.6444,168.513,998.000,1014.000,1062.000,1138.000,107,3475,107,13,0,0,0
fsBrev_bigbuf,64,6.00,936225,28264529,11156912,60.5268,180.900,972.000,988.000,1042.000,1058.000,1238,3218,1238,213,0,0,0
fsBrev_bigbuf,64,8.00,1247771,37673048,11158712,70.3801,227.619,1042.000,1062.000,1166.000,1166.000,12,3576,12,6,0,0,0
fsBrev_bigbuf,64,10.00,1559126,47072723,11157378,76.2976,164.008,966.000,1060.000,1138.000,1138.000,62,3519,62,20,366,0,0
fsBrev_bigbuf,64,12.00,1870737,56485369,11122998,80.3082,174.628,1012.000,1088.000,1962.000,1962.000,27,3875,27,13,11714,0,0
fsBrev_bigbuf,64,15.00,2061104,73131743,9857462,86.5210,8.770,452.000,1358.000,8192.000,8192.000,76,3172,76,60,577810,0,0
fsBrev_bigbuf,64,20.00,3116669,94096612,11098981,88.2047,173.595,1020.000,1066.000,1362.000,1362.000,31,3627,31,7,11,0,0
fsBrev_bigbuf,64,30.00,4673974,141105535,11141656,92.1040,175.754,1014.000,1070.000,1084.000,1084.000,86,3600,86,24,0,0,0
fsBrev_bigbuf,128,1.00,87880,2652654,2563564,3.3585,155.938,170.000,172.000,180.000,1410.000,39406,5,39406,128,0,0,0
fsBrev_bigbuf,128,2.00,174408,5264898,4969076,5.6188,169.933,314.000,316.000,330.000,972.000,38471,10,38471,145,0,0,0
fsBrev_bigbuf,128,3.00,260936,7877125,7196752,8.6373,169.158,220.000,226.000,246.000,4216.000,37213,17,37213,257,5840,0,0
fsBrev_bigbuf,128,4.00,347914,10502571,9426556,10.2453,218.410,280.000,288.000,526.000,1084.000,48726,28,48726,481,0,0,0
fsBrev_bigbuf,128,5.00,434202,13111161,11024588,15.9145,220.093,948.000,964.000,1060.000,1090.000,5045,13773,5045,78,0,0,0
fsBrev_bigbuf,128,6.00,520662,15720962,11011776,29.9548,177.880,968.000,982.000,1032.000,1038.000,727,1868,727,71,0,0,0
fsBrev_bigbuf,128,8.00,931187,20951213,11013184,47.4341,228.773,966.000,982.000,1040.000,1046.000,413,3150,413,28,0,0,0
fsBrev_bigbuf,128,10.00,867212,26178636,11013552,57.9292,179.655,1036.000,1084.000,1128.000,1128.000,54,2646,54,16,0,0,0
fsBrev_bigbuf,128,12.00,1039947,31399094,11030328,64.8706,187.525,978.000,1034.000,1046.000,1334.000,619,2907,619,127,0,0,0
fsBrev_bigbuf,128,15.00,1299623,39238206,11014567,71.9290,186.923,970.000,984.000,1194.000,1194.000,89,2650,89,15,3977,0,0
fsBrev_bigbuf,128,20.00,1732236,52300296,11087592,78.8001,207.435,1034.000,1094.000,1110.000,1110.000,63,3372,63,21,0,0,0
fsBrev_bigbuf,128,30.00,2597451,78421169,11088144,85.8608,219.751,1032.000,1092.000,1386.000,1386.000,96,3511,96,25,0,0,0
fsBrev_bigbuf,256,1.00,46540,1404363,1386008,1.3070,167.912,176.000,178.000,182.000,356.000,21311,2,21311,60,0,0,0
fsBrev_bigbuf,256,2.00,93015,2808732,2735917,2.5925,168.123,176.000,178.000,184.000,480.000,42066,4,42066,104,0,0,0
fsBrev_bigbuf,256,3.00,180729,4180756,3977598,4.8594,174.771,320.000,326.000,340.000,908.000,30798,10,30798,108,0,0,0
fsBrev_bigbuf,256,4.00,184599,5574615,5216723,6.4200,172.720,320.000,328.000,340.000,1146.000,40371,14,40371,161,1832,0,0
fsBrev_bigbuf,256,5.00,230781,6968015,6462723,7.2516,201.414,322.000,328.000,340.000,954.000,49999,16,49999,251,3644,0,0
fsBrev_bigbuf,256,6.00,360203,8340416,7607560,8.7868,199.093,242.000,252.000,272.000,1016.000,39328,16,39328,269,0,0,0
fsBrev_bigbuf,256,8.00,368435,11120156,9885115,11.1063,188.898,300.000,312.000,940.000,1246.000,50801,135,50801,554,14,0,0
fsBrev_bigbuf,256,10.00,459773,13882397,10773026,22.3979,197.489,1032.000,1040.000,1066.000,1070.000,431,6390,431,13,0,0,0
fsBrev_bigbuf,256,12.00,551401,16645943,10844520,34.8519,211.055,1046.000,1100.000,1118.000,1172.000,350,3297,350,105,11080,0,0
fsBrev_bigbuf,256,15.00,688893,20796965,10881531,47.6773,304.468,1002.000,1050.000,1068.000,1068.000,66,3333,66,20,1642,0,0
fsBrev_bigbuf,256,20.00,917885,27726847,10755644,61.2086,211.792,1028.000,1058.000,1084.000,1086.000,148,4372,148,45,3435,0,0
fsBrev_bigbuf,256,30.00,1376032,41545205,10847360,73.8902,221.830,1048.000,1110.000,1116.000,1120.000,415,4371,415,174,0,0,0
fsBrev_bigbuf,512,1.00,23985,723522,715628,1.0911,169.940,176.000,178.000,188.000,1524.000,10996,1,10996,53,0,0,0
fsBrev_bigbuf,512,2.00,0,1446936,1421436,1.7623,168.707,176.000,178.000,188.000,764.000,21841,3,21841,66,0,0,0
fsBrev_bigbuf,512,3.00,71890,2170404,2104136,3.0533,169.420,178.000,180.000,188.000,1376.000,32334,5,32334,106,0,0,0
fsBrev_bigbuf,512,4.00,95810,2893687,2794129,3.4405,168.683,176.000,180.000,188.000,1358.000,42946,8,42946,138,0,0,0
fsBrev_bigbuf,512,5.00,160519,3617347,3471125,4.0422,167.707,176.000,180.000,188.000,1792.000,53339,10,53339,155,0,0,0
fsBrev_bigbuf,512,6.00,142674,4307494,4119309,4.3688,174.619,328.000,334.000,350.000,1502.000,31888,10,31888,108,12342,0,0
fsBrev_bigbuf,512,8.00,190275,5743463,5370514,6.4935,175.893,328.000,338.000,352.000,1180.000,41561,16,41561,202,4592,0,0
fsBrev_bigbuf,512,10.00,237747,7179118,6609145,7.9393,185.002,330.000,340.000,350.000,918.000,51101,20,51101,257,0,0,0
fsBrev_bigbuf,512,12.00,284675,8592754,7842964,8.7258,191.515,258.000,274.000,290.000,1068.000,40533,18,40533,351,0,0,0
fsBrev_bigbuf,512,15.00,355827,10741176,9546882,11.1188,195.561,304.000,322.000,1018.000,1310.000,48986,116,48986,385,0,0,0
fsBrev_bigbuf,512,20.00,473779,14304063,10299342,27.9971,201.934,1102.000,1138.000,1200.000,1914.000,2040,8085,2040,227,832,0,0
fsBrev_bigbuf,512,30.00,709698,21426556,10298037,51.9380,227.343,1112.000,1138.000,1212.000,1912.000,354,7214,354,51,281,0,0
fsBrev_bigbuf,1024,1.00,12220,369043,367698,0.3645,179.129,190.000,192.000,194.000,2012.000,5651,0,5651,31,0,0,0
fsBrev_bigbuf,1024,2.00,24375,734579,727412,0.9757,179.505,190.000,192.000,198.000,322.000,11168,1,11168,26,0,0,0
fsBrev_bigbuf,1024,3.00,36465,1101875,1082817,1.7296,179.766,190.000,192.000,200.000,470.000,16628,4,16628,45,0,0,0
fsBrev_bigbuf,1024,4.00,48685,1469232,1443527,1.7496,179.653,190.000,192.000,198.000,370.000,22172,4,22172,49,0,0,0
fsBrev_bigbuf,1024,5.00,60840,1837127,1804122,1.7966,92.094,190.000,192.000,198.000,658.000,27676,5,27676,110,0,0,0
fsBrev_bigbuf,1024,6.00,72995,2203747,2132441,3.2357,179.653,190.000,194.000,200.000,506.000,32740,11,32740,87,0,0,0
fsBrev_bigbuf,1024,8.00,97305,2938328,2842189,3.2719,178.893,190.000,194.000,198.000,406.000,43646,11,43646,101,0,0,0
fsBrev_bigbuf,1024,10.00,0,3672905,3524507,4.0403,179.870,190.000,194.000,200.000,554.000,54120,15,54120,136,0,0,0
fsBrev_bigbuf,1024,12.00,144867,4374007,4156907,4.9634,188.825,352.000,358.000,378.000,4896.000,32133,22,32133,288,2146,0,0
fsBrev_bigbuf,1024,15.00,181116,5467299,5163017,5.5655,230.243,352.000,360.000,372.000,684.000,39932,24,39932,142,0,0,0
fsBrev_bigbuf,1024,20.00,0,7289737,6716799,7.8595,234.195,352.000,362.000,372.000,656.000,51916,31,51916,164,0,0,0
fsBrev_bigbuf,1024,30.00,361296,10906380,9705916,11.0070,206.485,334.000,350.000,770.000,836.000,49507,197,49507,77,0,0,0
fsBrev_bigbuf,1280,1.00,9750,294755,294275,0.1628,186.229,198.000,202.000,206.000,330.000,4515,0,4515,12,0,0,0
fsBrev_bigbuf,1280,2.00,19565,589446,584066,0.9127,185.460,196.000,202.000,216.000,3522.000,8965,1,8965,35,0,0,0
fsBrev_bigbuf,1280,3.00,29271,884269,875793,0.9585,185.352,196.000,200.000,212.000,376.000,13446,2,13446,30,0,0,0
fsBrev_bigbuf,1280,4.00,39065,1178961,1158973,1.6954,185.580,196.000,202.000,216.000,544.000,17797,3,17797,52,0,0,0
fsBrev_bigbuf,1280,5.00,48815,1473782,1448588,1.7095,185.909,196.000,202.000,214.000,460.000,22242,4,22242,63,0,0,0
fsBrev_bigbuf,1280,6.00,58630,1768473,1724903,2.4637,185.716,196.000,202.000,214.000,416.000,26483,7,26483,69,0,0,0
fsBrev_bigbuf,1280,8.00,78065,2357918,2299388,2.4823,183.479,196.000,202.000,212.000,488.000,35304,8,35304,84,0,0,0
fsBrev_bigbuf,1280,10.00,97630,2947428,2851882,3.2417,184.302,194.000,202.000,214.000,404.000,43781,12,43781,91,0,0,0
fsBrev_bigbuf,1280,12.00,117195,3536936,3395651,3.9946,185.201,196.000,202.000,212.000,494.000,52129,14,52129,103,0,0,0
fsBrev_bigbuf,1280,15.00,189630,4387223,4178003,4.7688,222.239,356.000,366.000,382.000,844.000,32311,18,32311,79,0,0,0
fsBrev_bigbuf,1280,20.00,193804,5849772,5480933,6.3052,192.599,358.000,368.000,382.000,650.000,42363,27,42363,102,0,0,0
fsBrev_bigbuf,1280,30.00,289886,8751821,7987414,8.7343,193.941,318.000,334.000,350.000,994.000,41209,45,41209,232,0,0,0
fsBrev_bigbuf,1514,1.00,8255,249714,247797,0.7677,197.863,210.000,212.000,226.000,2186.000,3800,1,3800,28,0,0,0
fsBrev_bigbuf,1514,2.00,16510,499297,498372,0.1853,197.943,210.000,212.000,214.000,216.000,7649,0,7649,5,0,0,0
fsBrev_bigbuf,1514,3.00,24830,748947,736724,1.6320,197.207,210.000,214.000,222.000,2072.000,11306,3,11306,44,0,0,0
fsBrev_bigbuf,1514,4.00,33085,998658,989161,0.9510,197.788,210.000,212.000,216.000,368.000,15178,2,15178,36,0,0,0
fsBrev_bigbuf,1514,5.00,41340,1248311,1227426,1.6731,197.699,210.000,214.000,218.000,1072.000,18843,4,18843,54,0,0,0
fsBrev_bigbuf,1514,6.00,49595,1498025,1472606,1.6968,197.748,210.000,214.000,218.000,1052.000,22611,3,22611,61,0,0,0
fsBrev_bigbuf,1514,8.00,66170,1997290,1947284,2.5037,196.983,210.000,212.000,218.000,1444.000,29888,3,29888,95,0,0,0
fsBrev_bigbuf,1514,10.00,82745,2496682,2434930,2.4734,197.186,210.000,214.000,218.000,544.000,37377,5,37377,69,0,0,0
fsBrev_bigbuf,1514,12.00,132925,2996040,2899599,3.2189,198.168,210.000,212.000,218.000,2290.000,44517,7,44517,79,0,0,0
fsBrev_bigbuf,1514,15.00,124055,3744913,3568161,4.7198,197.397,210.000,212.000,220.000,1114.000,54765,10,54765,133,0,0,0
fsBrev_bigbuf,1514,20.00,164127,4954992,4719493,4.7528,243.789,384.000,388.000,406.000,1094.000,36493,13,36493,82,0,0,0
fsBrev_bigbuf,1514,30.00,246132,7432522,6850736,7.8276,262.798,384.000,396.000,406.000,944.000,52920,24,52920,170,0,0,0
fsBrev_capio,64,1.00,204852,4738579,4497157,5.0948,164.251,310.000,314.000,322.000,850.000,34820,11,34820,135,0,0,0
fsBrev_capio,64,2.00,313046,9464411,8552612,9.6340,159.130,254.000,260.000,272.000,1088.000,44205,23,44205,303,14815,0,0
fsBrev_capio,64,3.00,469089,14161415,11252122,20.5438,216.180,962.000,1000.000,1028.000,1150.000,859,6617,859,121,126,0,0
fsBrev_capio,64,4.00,815916,18870824,11356176,39.8215,166.449,950.000,960.000,960.000,960.000,4,3790,4,3,0,0,0
fsBrev_capio,64,5.00,780490,23561309,11355640,51.8039,170.372,984.000,1002.000,1002.000,1002.000,6,3495,6,2,0,0,0
fsBrev_capio,64,6.00,936160,28272577,11261560,60.1679,223.311,978.000,992.000,1032.000,1050.000,179,3121,179,19,0,0,0
fsBrev_capio,64,8.00,1247770,37673242,11383000,69.7849,231.873,948.000,1056.000,1074.000,1074.000,21,4037,21,15,0,0,0
fsBrev_capio,64,10.00,1559206,47073926,11336200,75.9183,172.781,950.000,962.000,1012.000,1022.000,921,2825,921,68,0,0,0
fsBrev_capio,64,12.00,1870814,56480086,11353424,79.8984,200.014,1010.000,1028.000,1028.000,1028.000,6,3677,6,3,0,0,0
fsBrev_capio,64,15.00,2337985,70585167,11349840,83.9204,162.442,946.000,1038.000,1132.000,1132.000,25,3714,25,13,0,0,0
fsBrev_capio,64,20.00,3116570,94092720,11254080,88.0394,172.106,1040.000,1064.000,1102.000,1102.000,11,3788,11,7,0,0,0
fsBrev_capio,64,30.00,4674138,141117261,11352624,91.9552,207.382,1028.000,1048.000,1058.000,1058.000,13,3827,13,3,0,0,0
fsBrev_capio,128,1.00,87880,2652909,2563859,3.3567,154.790,170.000,172.000,180.000,690.000,39412,5,39412,88,0,0,0
fsBrev_capio,128,2.00,174408,5264509,4969444,5.6048,167.574,314.000,318.000,332.000,1000.000,38480,11,38480,108,0,0,0
fsBrev_capio,128,3.00,349845,7876656,7245368,8.0147,11.019,218.000,224.000,244.000,1212.000,37460,20,37460,159,5540,0,0
fsBrev_capio,128,4.00,347948,10502213,9340832,11.0584,167.826,280.000,286.000,308.000,1014.000,48271,22,48271,340,0,0,0
fsBrev_capio,128,5.00,434201,13111216,11207224,14.5219,176.327,926.000,944.000,1010.000,1060.000,8738,13372,8738,94,0,0,0
fsBrev_capio,128,6.00,520790,15720962,11212981,28.6750,231.564,966.000,1010.000,1030.000,1494.000,581,3072,581,61,0,0,0
fsBrev_capio,128,8.00,693935,20950953,11206273,46.5119,172.911,958.000,988.000,1040.000,1092.000,150,2805,150,18,503,0,0
fsBrev_capio,128,10.00,867147,26178820,11201912,57.2100,227.628,1048.000,1072.000,1076.000,1076.000,12,3222,12,5,0,0,0
fsBrev_capio,128,12.00,1039947,31398506,11170368,64.4239,173.375,994.000,1014.000,1066.000,1072.000,180,3119,180,29,0,0,0
fsBrev_capio,128,15.00,1299635,39235836,11194297,71.4692,211.038,958.000,970.000,1026.000,1332.000,1210,2847,1210,104,0,0,0
fsBrev_capio,128,20.00,2322012,52303947,11205855,78.5755,174.217,1012.000,1360.000,1360.000,1360.000,9,3670,9,6,0,0,0
fsBrev_capio,128,30.00,2597407,78420422,11200976,85.7168,175.959,1060.000,1334.000,1334.000,1334.000,9,3706,9,7,0,0,0
fsBrev_capio,256,1.00,46540,1404296,1379212,1.7862,168.264,176.000,178.000,188.000,548.000,21196,3,21196,63,0,0,0
fsBrev_capio,256,2.00,93015,2808658,2715254,3.3256,168.775,176.000,178.000,186.000,806.000,41738,6,41738,83,0,0,0
fsBrev_capio,256,3.00,138546,4180756,3978030,4.8490,173.603,322.000,326.000,344.000,992.000,30802,10,30802,85,0,0,0
fsBrev_capio,256,4.00,184599,5574358,5259283,5.6522,174.297,322.000,328.000,340.000,876.000,40710,12,40710,116,0,0,0
fsBrev_capio,256,5.00,230770,6968011,6428613,7.7411,119.367,322.000,330.000,340.000,892.000,49730,21,49730,175,0,0,0
fsBrev_capio,256,6.00,276312,8339928,7623080,8.5954,171.299,242.000,256.000,268.000,780.000,39419,14,39419,181,0,0,0
fsBrev_capio,256,8.00,368309,11120602,9889510,11.0704,184.163,302.000,314.000,480.000,1022.000,51041,51,51041,215,0,0,0
fsBrev_capio,256,10.00,459874,13882457,10988384,20.8470,202.763,1008.000,1054.000,1074.000,1558.000,752,9092,752,92,4522,0,0
fsBrev_capio,256,12.00,551413,16646454,11009904,33.8604,225.355,970.000,992.000,1040.000,8192.000,1230,4371,1230,149,0,0,0
fsBrev_capio,256,15.00,924642,20797087,11074127,46.7515,243.713,984.000,1024.000,1062.000,1072.000,844,4294,844,206,0,0,0
fsBrev_capio,256,20.00,917885,27710941,11088112,59.9865,270.197,1014.000,1078.000,1148.000,1740.000,508,4025,508,168,0,0,0
fsBrev_capio,256,30.00,1376064,41543405,11088120,73.3096,268.041,1034.000,1092.000,1092.000,1092.000,13,4290,13,7,0,0,0
fsBrev_capio,512,1.00,32175,723467,715740,1.0681,170.125,178.000,180.000,190.000,366.000,11005,1,11005,25,0,0,0
fsBrev_capio,512,2.00,47905,1446871,1421370,1.7625,168.665,178.000,180.000,192.000,4652.000,21842,3,21842,84,0,0,0
fsBrev_capio,512,3.00,71890,2170403,2115617,2.5242,169.450,176.000,180.000,190.000,932.000,32511,5,32511,77,0,0,0
fsBrev_capio,512,4.00,95816,2893865,2798489,3.2958,167.847,176.000,180.000,188.000,1622.000,42999,7,42999,109,0,0,0
fsBrev_capio,512,5.00,119795,3617320,3470388,4.0619,166.697,176.000,180.000,188.000,1408.000,53307,11,53307,155,0,0,0
fsBrev_capio,512,6.00,142674,4307435,4099527,4.8267,171.791,326.000,334.000,352.000,1620.000,31736,12,31736,127,0,0,0
fsBrev_capio,512,8.00,190211,5743475,5420492,5.6235,171.873,328.000,336.000,350.000,992.000,41944,18,41944,160,0,0,0
fsBrev_capio,512,10.00,237876,7179127,6609923,7.9286,174.259,328.000,338.000,350.000,852.000,51104,26,51104,178,0,0,0
fsBrev_capio,512,12.00,381754,8592691,7843303,8.7212,171.784,254.000,270.000,286.000,928.000,40532,25,40532,239,0,0,0
fsBrev_capio,512,15.00,355764,10741108,9551917,11.0714,171.329,298.000,318.000,678.000,1138.000,49288,47,49288,229,0,0,0
fsBrev_capio,512,20.00,473780,14309193,10716562,25.1072,195.909,1074.000,1120.000,1144.000,1520.000,1137,8342,1137,207,0,0,0
fsBrev_capio,512,30.00,709683,21427062,10730848,49.9192,259.259,1080.000,1130.000,1150.000,1922.000,1264,6792,1264,307,0,0,0
fsBrev_capio,1024,1.00,12152,368068,366787,0.3480,184.179,192.000,194.000,196.000,602.000,5636,0,5636,24,0,0,0
fsBrev_capio,1024,2.00,24375,734712,727614,0.9661,182.925,192.000,194.000,200.000,398.000,11171,2,11171,28,0,0,0
fsBrev_capio,1024,3.00,36465,1102041,1081909,1.8268,182.346,192.000,194.000,204.000,646.000,16602,3,16602,83,0,0,0
fsBrev_capio,1024,4.00,48685,1469328,1442955,1.7949,180.913,192.000,194.000,200.000,386.000,22138,4,22138,59,0,0,0
fsBrev_capio,1024,5.00,60840,1836780,1790921,2.4967,179.904,192.000,194.000,202.000,366.000,27500,6,27500,69,0,0,0
fsBrev_capio,1024,6.00,72995,2205309,2150206,2.4987,179.669,192.000,194.000,200.000,388.000,33023,5,33023,66,0,0,0
fsBrev_capio,1024,8.00,97370,2938909,2842706,3.2734,179.105,192.000,194.000,200.000,366.000,43655,9,43655,80,0,0,0
fsBrev_capio,1024,10.00,121680,3673289,3524806,4.0422,180.455,192.000,194.000,200.000,542.000,54127,12,54127,118,0,0,0
fsBrev_capio,1024,12.00,144867,4374192,4164593,4.7917,187.885,354.000,360.000,374.000,874.000,32226,13,32226,97,0,0,0
fsBrev_capio,1024,15.00,236224,5472869,5164916,5.6269,144.512,354.000,360.000,374.000,954.000,39919,25,39919,127,0,0,0
fsBrev_capio,1024,20.00,241508,7290052,6719041,7.8327,194.851,354.000,362.000,374.000,638.000,51934,29,51934,130,0,0,0
fsBrev_capio,1024,30.00,361168,10923681,9727155,10.9535,185.133,334.000,348.000,602.000,830.000,49833,131,49833,105,0,0,0
fsBrev_capio,1280,1.00,9750,294748,292284,0.8360,188.343,202.000,206.000,224.000,3080.000,4477,1,4477,24,0,0,0
fsBrev_capio,1280,2.00,19500,589507,588237,0.2154,188.461,202.000,204.000,210.000,220.000,9027,0,9027,12,0,0,0
fsBrev_capio,1280,3.00,29315,884529,869760,1.6697,186.340,200.000,204.000,222.000,606.000,13352,3,13352,38,0,0,0
fsBrev_capio,1280,4.00,39065,1179091,1167562,0.9778,185.828,200.000,204.000,214.000,330.000,17928,3,17928,35,0,0,0
fsBrev_capio,1280,5.00,48815,1475006,1449589,1.7232,186.351,200.000,204.000,218.000,2646.000,22245,7,22245,70,64,0,0
fsBrev_capio,1280,6.00,0,1768667,1725317,2.4510,186.029,200.000,204.000,218.000,378.000,26484,8,26484,58,0,0,0
fsBrev_capio,1280,8.00,78130,2358309,2299657,2.4870,185.683,200.000,204.000,216.000,4736.000,35304,11,35304,146,187,0,0
fsBrev_capio,1280,10.00,97630,2952041,2856536,3.2352,186.005,200.000,206.000,216.000,484.000,43845,16,43845,92,0,0,0
fsBrev_capio,1280,12.00,117130,3537256,3395782,3.9995,185.858,200.000,204.000,216.000,356.000,52124,16,52124,88,0,0,0
fsBrev_capio,1280,15.00,145319,4387741,4178616,4.7661,193.399,356.000,366.000,384.000,448.000,32312,24,32312,71,0,0,0
fsBrev_capio,1280,20.00,193758,5850095,5478691,6.3487,198.053,356.000,368.000,384.000,676.000,42292,36,42292,162,0,0,0
fsBrev_capio,1280,30.00,289906,8753837,7915115,9.5812,202.431,318.000,332.000,348.000,840.000,40840,63,40840,202,14658,0,0
fsBrev_capio,1514,1.00,8255,249649,248914,0.2944,196.074,210.000,214.000,216.000,8192.000,3825,0,3825,19,0,0,0
fsBrev_capio,1514,2.00,16575,499297,494060,1.0489,197.009,210.000,214.000,228.000,8192.000,7594,1,7594,55,0,0,0
fsBrev_capio,1514,3.00,24765,749727,741575,1.0873,196.009,210.000,214.000,220.000,314.000,11400,2,11400,26,0,0,0
fsBrev_capio,1514,4.00,33085,999961,988917,1.1044,195.093,210.000,214.000,220.000,3236.000,15207,2,15207,47,0,0,0
fsBrev_capio,1514,5.00,53950,1248402,1224715,1.8974,195.496,210.000,214.000,222.000,2876.000,18800,5,18800,92,0,0,0
fsBrev_capio,1514,6.00,49635,1498089,1470393,1.8488,195.421,210.000,214.000,220.000,426.000,22605,4,22605,60,0,0,0
fsBrev_capio,1514,8.00,66170,1998492,1946477,2.6027,195.642,210.000,214.000,222.000,3246.000,29926,6,29926,129,0,0,0
fsBrev_capio,1514,10.00,82745,2496941,2431384,2.6255,195.355,210.000,214.000,218.000,282.000,37375,9,37375,56,0,0,0
fsBrev_capio,1514,12.00,99190,2998575,2875019,4.1205,195.684,210.000,214.000,220.000,984.000,44195,14,44195,105,0,0,0
fsBrev_capio,1514,15.00,124047,3745449,3583228,4.3311,195.148,210.000,214.000,220.000,8192.000,55040,21,55040,230,5961,0,0
fsBrev_capio,1514,20.00,164153,4955483,4572152,7.7355,149.334,378.000,382.000,398.000,666.000,36463,23,36463,90,0,0,0
fsBrev_capio,1514,30.00,246187,7442835,6645006,10.7194,240.316,378.000,386.000,398.000,928.000,52981,40,52981,150,0,0,0
fsBrev_txfix,64,1.00,156864,4767560,4489265,5.8373,8.482,304.000,308.000,348.000,8192.000,34703,16,34703,494,3001,0,0
fsBrev_txfix,64,2.00,313046,9453897,8558130,9.4751,163.918,246.000,252.000,262.000,1068.000,44255,19,44255,312,3993,0,0
fsBrev_txfix,64,3.00,469025,14541014,10236070,29.6055,180.583,962.000,998.000,6922.000,8192.000,929,7594,929,183,381861,0,0
fsBrev_txfix,64,4.00,624859,18867098,11298946,40.1130,163.697,940.000,1022.000,1022.000,1022.000,10,3767,10,8,1998,0,0
fsBrev_txfix,64,5.00,780362,23561298,11401624,51.6087,166.652,330.000,980.000,980.000,980.000,6,3507,6,5,0,0,0
fsBrev_txfix,64,6.00,936215,29072558,10382165,64.2888,8.660,972.000,1028.000,5600.000,8192.000,315,2988,315,157,169803,0,0
fsBrev_txfix,64,8.00,1247770,37671766,11278048,70.0623,171.717,952.000,1050.000,1082.000,1082.000,25,4203,25,15,0,0,0
fsBrev_txfix,64,10.00,1559248,47073420,11383304,75.8180,179.339,948.000,962.000,1014.000,1040.000,949,2624,949,84,0,0,0
fsBrev_txfix,64,12.00,1870712,56480372,11357042,79.8921,222.816,1032.000,1042.000,1042.000,1042.000,6,3795,6,2,6414,0,0
fsBrev_txfix,64,15.00,2337857,70584821,11371914,83.8890,216.653,948.000,996.000,1022.000,1022.000,29,3729,29,10,11774,0,0
fsBrev_txfix,64,20.00,4178354,94115938,11376520,87.9122,170.366,1044.000,1056.000,1056.000,1056.000,10,3722,10,5,640,0,0
fsBrev_txfix,64,30.00,4674017,141115095,11238352,92.0360,218.033,998.000,1066.000,1066.000,1066.000,8,3764,8,5,0,0,0
fsBrev_txfix,128,1.00,87880,2652670,2583826,2.5953,153.171,168.000,170.000,174.000,512.000,39727,5,39727,90,0,0,0
fsBrev_txfix,128,2.00,174408,5264625,4966775,5.6576,103.737,308.000,312.000,326.000,984.000,38450,10,38450,148,0,0,0
fsBrev_txfix,128,3.00,261000,7876666,7190763,8.7080,164.000,212.000,218.000,236.000,850.000,37177,15,37177,238,0,0,0
fsBrev_txfix,128,4.00,347865,10502412,9427114,10.2386,165.468,274.000,280.000,526.000,1036.000,48693,31,48693,667,0,0,0
fsBrev_txfix,128,5.00,434264,13110877,11132994,15.0858,161.300,924.000,942.000,988.000,1042.000,11611,12165,11611,90,0,0,0
fsBrev_txfix,128,6.00,1041387,15720366,11204800,28.7243,202.962,964.000,1008.000,1022.000,1114.000,449,3271,449,60,0,0,0
fsBrev_txfix,128,8.00,0,20950673,11212597,46.4810,178.820,966.000,992.000,1022.000,1022.000,148,2768,148,13,275,0,0
fsBrev_txfix,128,10.00,867083,26178556,11207000,57.1902,179.342,998.000,1056.000,1056.000,1056.000,9,3377,9,4,0,0,0
fsBrev_txfix,128,12.00,1040010,31398251,11195771,64.3427,220.149,996.000,1014.000,1060.000,1060.000,173,3057,173,22,645,0,0
fsBrev_txfix,128,15.00,1695718,39235580,11206908,71.4369,223.883,956.000,968.000,1020.000,1026.000,805,2643,805,67,0,0,0
fsBrev_txfix,128,20.00,1732363,52299269,11183188,78.6169,171.688,1032.000,1062.000,1062.000,1062.000,9,3516,9,4,0,0,0
fsBrev_txfix,128,30.00,2597515,78482678,11106991,85.8478,175.667,896.000,1064.000,1064.000,1064.000,5,3747,5,5,1809,0,0
fsBrev_txfix,256,1.00,46540,1404363,1378867,1.8155,166.500,172.000,176.000,182.000,8192.000,21191,4,21191,77,409,0,0
fsBrev_txfix,256,2.00,93080,2808909,2735289,2.6209,166.568,172.000,176.000,180.000,2710.000,42042,6,42042,143,321,0,0
fsBrev_txfix,256,3.00,138482,4180691,3977436,4.8618,169.503,316.000,320.000,336.000,1054.000,30797,10,30797,108,0,0,0
fsBrev_txfix,256,4.00,184728,5574424,5218128,6.3916,169.027,316.000,322.000,334.000,992.000,40385,11,40385,154,0,0,0
fsBrev_txfix,256,5.00,230781,6968030,6468441,7.1697,171.251,316.000,322.000,334.000,860.000,50046,18,50046,211,0,0,0
fsBrev_txfix,256,6.00,370367,8340123,7614023,8.7061,171.000,234.000,242.000,260.000,982.000,39367,18,39367,225,0,0,0
fsBrev_txfix,256,8.00,368297,11119896,9887816,11.0800,159.079,294.000,302.000,774.000,1176.000,50950,85,50950,478,0,0,0
fsBrev_txfix,256,10.00,459772,13882395,10942686,21.1758,210.479,1010.000,1028.000,1064.000,1102.000,433,8573,433,24,0,0,0
fsBrev_txfix,256,12.00,551285,16645809,10960808,34.1527,209.685,966.000,984.000,1036.000,1086.000,709,3581,709,68,0,0,0
fsBrev_txfix,256,15.00,688893,20796575,10965479,47.2727,206.445,998.000,1026.000,1070.000,8192.000,572,5039,572,198,0,0,0
fsBrev_txfix,256,20.00,917885,27711523,10968096,60.4205,229.681,1018.000,1080.000,1100.000,1434.000,156,4051,156,52,0,0,0
fsBrev_txfix,256,30.00,1376047,41544112,11041473,73.4223,259.529,1072.000,1100.000,1106.000,1106.000,44,4339,44,18,471,0,0
fsBrev_txfix,512,1.00,23985,723467,715699,1.0737,168.691,176.000,178.000,188.000,368.000,11003,2,11003,24,0,0,0
fsBrev_txfix,512,2.00,47905,1447238,1420793,1.8273,167.213,176.000,178.000,188.000,1040.000,21821,5,21821,74,0,0,0
fsBrev_txfix,512,3.00,71890,2171834,2116974,2.5260,165.788,176.000,178.000,188.000,1374.000,32532,5,32532,115,0,0,0
fsBrev_txfix,512,4.00,95810,2893996,2798510,3.2995,166.630,174.000,178.000,186.000,2052.000,43002,9,43002,149,0,0,0
fsBrev_txfix,512,5.00,0,3617204,3470140,4.0657,166.727,174.000,178.000,186.000,1618.000,53325,9,53325,161,0,0,0
fsBrev_txfix,512,6.00,142666,4307369,4099079,4.8357,173.213,324.000,330.000,348.000,1116.000,31727,10,31727,135,0,0,0
fsBrev_txfix,512,8.00,190275,5743151,5419217,5.6404,171.577,324.000,330.000,344.000,824.000,41927,21,41927,159,0,0,0
fsBrev_txfix,512,10.00,310503,7179254,6609457,7.9367,191.545,324.000,334.000,346.000,900.000,51109,20,51109,273,0,0,0
fsBrev_txfix,512,12.00,284547,8592690,7841643,8.7405,171.448,252.000,266.000,282.000,988.000,40526,22,40526,313,0,0,0
fsBrev_txfix,512,15.00,355699,10741046,9549399,11.0943,192.474,296.000,312.000,978.000,1288.000,49071,110,49071,515,0,0,0
fsBrev_txfix,512,20.00,473779,14303032,10490738,26.6537,193.750,1088.000,1122.000,1174.000,1302.000,474,6939,474,66,0,0,0
fsBrev_txfix,512,30.00,709812,21426806,10492832,51.0294,204.438,1082.000,1128.000,1144.000,1184.000,311,8078,311,60,0,0,0
fsBrev_txfix,1024,1.00,12155,367549,366268,0.3485,178.460,190.000,192.000,196.000,4186.000,5629,0,5629,60,0,0,0
fsBrev_txfix,1024,2.00,24375,734578,727476,0.9668,182.210,190.000,192.000,196.000,320.000,11166,2,11166,22,0,0,0
fsBrev_txfix,1024,3.00,36465,1101875,1082777,1.7332,180.300,190.000,192.000,198.000,654.000,16626,4,16626,55,0,0,0
fsBrev_txfix,1024,4.00,48685,1469167,1443413,1.7530,180.080,190.000,192.000,198.000,344.000,22170,3,22170,45,0,0,0
fsBrev_txfix,1024,5.00,60840,1836523,1790677,2.4963,179.467,190.000,192.000,198.000,346.000,27501,6,27501,54,0,0,0
fsBrev_txfix,1024,6.00,72995,2203749,2148473,2.5083,179.861,190.000,192.000,198.000,372.000,32996,7,32996,65,0,0,0
fsBrev_txfix,1024,8.00,130325,2938328,2842170,3.2725,178.168,190.000,192.000,198.000,524.000,43650,11,43650,95,0,0,0
fsBrev_txfix,1024,10.00,121680,3672905,3524229,4.0479,178.660,190.000,192.000,198.000,426.000,54116,15,54116,121,0,0,0
fsBrev_txfix,1024,12.00,144916,4373740,4163422,4.8087,247.531,352.000,356.000,370.000,632.000,32210,15,32210,88,0,0,0
fsBrev_txfix,1024,15.00,181050,5467228,5162250,5.5783,188.727,352.000,358.000,370.000,616.000,39915,21,39915,133,0,0,0
fsBrev_txfix,1024,20.00,241398,7289478,6716413,7.8615,213.248,352.000,360.000,370.000,650.000,51915,32,51915,128,0,0,0
fsBrev_txfix,1024,30.00,361204,10906378,9704990,11.0155,239.167,330.000,346.000,690.000,820.000,49591,160,49591,56,0,0,0
fsBrev_txfix,1280,1.00,9750,294754,292322,0.8251,187.564,196.000,202.000,220.000,2290.000,4483,1,4483,25,0,0,0
fsBrev_txfix,1280,2.00,19565,589445,588169,0.2165,186.320,196.000,202.000,206.000,222.000,9029,0,9029,18,0,0,0
fsBrev_txfix,1280,3.00,0,884269,869495,1.6708,185.781,196.000,202.000,218.000,2204.000,13347,4,13347,49,0,0,0
fsBrev_txfix,1280,4.00,39065,1178964,1167627,0.9616,185.444,196.000,202.000,210.000,304.000,17931,2,17931,26,0,0,0
fsBrev_txfix,1280,5.00,48815,1473717,1448507,1.7106,185.897,196.000,202.000,214.000,464.000,22238,5,22238,60,0,0,0
fsBrev_txfix,1280,6.00,76375,1768473,1725000,2.4582,185.623,196.000,202.000,214.000,394.000,26483,6,26483,63,0,0,0
fsBrev_txfix,1280,8.00,78130,2357919,2299226,2.4892,185.387,196.000,202.000,212.000,478.000,35301,8,35301,82,0,0,0
fsBrev_txfix,1280,10.00,97630,2947428,2852002,3.2376,185.093,194.000,202.000,212.000,358.000,43783,12,43783,70,0,0,0
fsBrev_txfix,1280,12.00,117195,3537000,3395321,4.0056,184.636,194.000,202.000,212.000,492.000,52116,17,52116,105,0,0,0
fsBrev_txfix,1280,15.00,145383,4387288,4178534,4.7582,222.150,356.000,362.000,382.000,750.000,32316,19,32316,73,0,0,0
fsBrev_txfix,1280,20.00,193758,5849643,5481485,6.2937,255.358,356.000,364.000,380.000,524.000,42363,29,42363,70,0,0,0
fsBrev_txfix,1280,30.00,289886,8759522,7929780,9.4725,9.518,316.000,330.000,352.000,1814.000,40872,72,40872,379,1057,0,0
fsBrev_txfix,1514,1.00,8320,249649,248993,0.2628,195.821,210.000,212.000,214.000,224.000,3825,0,3825,5,0,0,0
fsBrev_txfix,1514,2.00,21580,499362,494307,1.0123,195.333,210.000,212.000,218.000,874.000,7595,1,7595,27,0,0,0
fsBrev_txfix,1514,3.00,24830,749207,741409,1.0408,195.528,210.000,212.000,218.000,538.000,11392,2,11392,29,0,0,0
fsBrev_txfix,1514,4.00,33085,998597,987982,1.0630,194.639,210.000,212.000,216.000,420.000,15182,2,15182,39,0,0,0
fsBrev_txfix,1514,5.00,41405,1248310,1225837,1.8003,194.502,210.000,212.000,218.000,1334.000,18845,2,18845,61,0,0,0
fsBrev_txfix,1514,6.00,49595,1497960,1470789,1.8139,194.821,210.000,212.000,216.000,478.000,22610,3,22610,54,0,0,0
fsBrev_txfix,1514,8.00,66170,1997322,1946219,2.5586,193.785,210.000,212.000,218.000,854.000,29916,4,29916,84,0,0,0
fsBrev_txfix,1514,10.00,82680,2496618,2431966,2.5896,193.763,210.000,212.000,216.000,372.000,37375,5,37375,65,0,0,0
fsBrev_txfix,1514,12.00,99255,2995897,2873454,4.0870,194.803,210.000,212.000,218.000,1020.000,44143,9,44143,98,0,0,0
fsBrev_txfix,1514,15.00,124020,3744978,3591237,4.1053,193.702,210.000,212.000,218.000,622.000,55178,11,55178,115,0,0,0
fsBrev_txfix,1514,20.00,164098,4954927,4571903,7.7302,205.296,372.000,378.000,394.000,916.000,36470,16,36470,76,0,0,0
fsBrev_txfix,1514,30.00,246170,7433747,6637624,10.7096,244.041,374.000,386.000,396.000,3242.000,52930,30,52930,163,0,0,0
rawA_dpdk,64,1.00,156993,4741366,4738423,0.0621,5.531,32.000,34.000,34.000,60.000,36596,1,36596,51,0,0,0
rawA_dpdk,64,2.00,313174,9454669,9445968,0.0920,16.810,28.000,30.000,30.000,780.000,48762,4,48762,115,2315,0,0
rawA_dpdk,64,3.00,469025,14161108,14151018,0.0713,19.345,32.000,34.000,34.000,44.000,54861,3,54861,35,0,0,0
rawA_dpdk,64,4.00,624789,18886483,18854555,0.1691,16.563,28.000,30.000,30.000,156.000,58511,7,58511,114,17995,0,0
rawA_dpdk,64,5.00,780469,23561696,23542781,0.0803,16.692,28.000,28.000,30.000,42.000,52240,6,52240,41,1447,0,0
rawA_dpdk,64,6.00,936225,28265810,28243717,0.0782,18.683,32.000,34.000,34.000,52.000,54858,4,54858,19,0,0,0
rawA_dpdk,64,8.00,1247771,37673626,37642645,0.0822,18.720,32.000,34.000,34.000,44.000,58501,10,58501,45,574,0,0
rawA_dpdk,64,10.00,1559183,47073039,47030752,0.0898,16.699,28.000,30.000,30.000,36.000,56250,9,56250,18,2233,0,0
rawA_dpdk,64,12.00,1870746,56523268,56471393,0.0918,16.821,28.000,28.000,30.000,204.000,58541,11,58541,26,1335,0,0
rawA_dpdk,64,15.00,3183322,70586075,70513740,0.1025,16.754,28.000,30.000,30.000,310.000,57724,13,57724,20,4669,0,0
rawA_dpdk,64,20.00,3116682,94094747,93985761,0.1158,16.763,28.000,30.000,30.000,310.000,58471,24,58471,29,4076,0,0
rawA_dpdk,64,30.00,4674008,141111662,140846941,0.1876,17.270,28.000,30.000,30.000,312.000,59157,65,59157,29,41855,0,0
rawA_dpdk,128,1.00,87880,2652798,2651444,0.0510,16.939,28.000,30.000,30.000,34.000,40638,0,40638,22,0,0,0
rawA_dpdk,128,2.00,174408,5264897,5261558,0.0634,18.713,32.000,34.000,34.000,40.000,40641,0,40641,29,0,0,0
rawA_dpdk,128,3.00,260936,7877249,7872112,0.0652,16.808,28.000,30.000,30.000,36.000,40641,0,40641,25,0,0,0
rawA_dpdk,128,4.00,347851,10502176,10494989,0.0684,16.835,28.000,30.000,30.000,34.000,54169,3,54169,31,0,0,0
rawA_dpdk,128,5.00,434330,13111280,13102178,0.0694,18.649,32.000,34.000,34.000,36.000,50796,2,50796,32,0,0,0
rawA_dpdk,128,6.00,520662,15721732,15710594,0.0708,16.857,28.000,30.000,30.000,32.000,48761,3,48761,20,0,0,0
rawA_dpdk,128,8.00,694009,20951277,20935455,0.0755,18.679,32.000,34.000,34.000,54.000,54183,3,54183,54,188,0,0
rawA_dpdk,128,10.00,867147,26179081,26159029,0.0766,16.860,28.000,30.000,30.000,50.000,58053,2,58053,34,0,0,0
rawA_dpdk,128,12.00,1334280,31400175,31375797,0.0776,16.905,28.000,30.000,30.000,38.000,54172,9,54172,29,98,0,0
rawA_dpdk,128,15.00,1299699,39236282,39194811,0.1057,16.802,28.000,30.000,30.000,44.000,55389,8,55389,31,9799,0,0
rawA_dpdk,128,20.00,1732363,52367502,52316902,0.0966,19.329,32.000,34.000,34.000,210.000,58100,10,58100,34,5113,0,0
rawA_dpdk,128,30.00,2597533,78421448,78330523,0.1159,16.750,28.000,30.000,30.000,310.000,58000,24,58000,40,12550,0,0
rawA_dpdk,256,1.00,46475,1404299,1404299,0.0000,21.748,34.000,34.000,34.000,36.000,21515,0,21515,19,0,0,0
rawA_dpdk,256,2.00,93015,2808726,2808726,0.0000,21.734,34.000,34.000,34.000,40.000,43030,0,43030,23,0,0,0
rawA_dpdk,256,3.00,138546,4180948,4180948,0.0000,24.573,42.000,42.000,42.000,56.000,32276,0,32276,10,0,0,0
rawA_dpdk,256,4.00,184728,5574488,5574488,0.0000,23.892,42.000,42.000,44.000,58.000,43032,0,43032,36,0,0,0
rawA_dpdk,256,5.00,0,6968092,6968092,0.0000,26.679,42.000,42.000,44.000,48.000,53788,0,53788,24,0,0,0
rawA_dpdk,256,6.00,276311,8340312,8340312,0.0000,21.733,34.000,34.000,34.000,50.000,43032,0,43032,26,0,0,0
rawA_dpdk,256,8.00,368372,11120349,11120349,0.0000,21.741,34.000,34.000,34.000,58.000,57373,0,57373,55,0,0,0
rawA_dpdk,256,10.00,459773,13882331,13882236,0.0007,22.397,42.000,42.000,44.000,68.000,53787,0,53787,36,95,0,0
rawA_dpdk,256,12.00,551350,16646136,16645814,0.0019,21.732,34.000,34.000,34.000,200.000,51638,1,51638,39,322,0,0
rawA_dpdk,256,15.00,688893,20797214,20797214,0.0000,24.293,42.000,42.000,44.000,128.000,53790,0,53790,24,0,0,0
rawA_dpdk,256,20.00,917885,27711970,27711138,0.0030,23.641,42.000,42.000,44.000,450.000,53791,1,53791,31,832,0,0
rawA_dpdk,256,30.00,1376097,41545911,41545608,0.0007,21.733,34.000,34.000,34.000,450.000,58679,0,58679,29,303,0,0
rawA_dpdk,512,1.00,23985,723467,723467,0.0000,32.938,34.000,36.000,36.000,40.000,11083,0,11083,0,0,0,0
rawA_dpdk,512,2.00,47970,1446936,1446936,0.0000,32.873,34.000,36.000,36.000,40.000,22168,0,22168,10,0,0,0
rawA_dpdk,512,3.00,71890,2170273,2170273,0.0000,32.900,34.000,36.000,36.000,60.000,33249,0,33249,41,0,0,0
rawA_dpdk,512,4.00,128635,2893805,2893805,0.0000,32.925,34.000,36.000,36.000,48.000,44333,0,44333,39,0,0,0
rawA_dpdk,512,5.00,119860,3619409,3619409,0.0000,32.912,34.000,36.000,36.000,42.000,55441,0,55441,21,0,0,0
rawA_dpdk,512,6.00,142674,4307560,4307560,0.0000,33.087,56.000,56.000,58.000,74.000,33256,0,33256,25,0,0,0
rawA_dpdk,512,8.00,190275,5745085,5744661,0.0074,34.506,56.000,56.000,58.000,70.000,44344,1,44344,35,424,0,0
rawA_dpdk,512,10.00,237747,7179256,7179256,0.0000,37.619,56.000,56.000,58.000,76.000,55416,0,55416,40,0,0,0
rawA_dpdk,512,12.00,284675,8593011,8593011,0.0000,32.887,34.000,36.000,36.000,48.000,44339,0,44339,21,0,0,0
rawA_dpdk,512,15.00,355817,10741047,10741047,0.0000,32.900,34.000,36.000,36.000,250.000,55415,0,55415,50,0,0,0
rawA_dpdk,512,20.00,473843,14303094,14303094,0.0000,33.905,56.000,56.000,58.000,864.000,55414,0,55414,51,0,0,0
rawA_dpdk,512,30.00,951536,21426871,21426871,0.0000,34.472,56.000,56.000,58.000,864.000,55415,0,55415,52,0,0,0
rawA_dpdk,1024,1.00,12155,367351,367351,0.0000,59.466,60.000,62.000,62.000,5776.000,5623,0,5623,54,0,0,0
rawA_dpdk,1024,2.00,24310,734582,734582,0.0000,59.453,60.000,60.000,62.000,68.000,11254,0,11254,17,0,0,0
rawA_dpdk,1024,3.00,49595,1101875,1101875,0.0000,59.432,60.000,60.000,62.000,84.000,16883,0,16883,18,0,0,0
rawA_dpdk,1024,4.00,48630,1471566,1471566,0.0000,59.431,60.000,62.000,62.000,374.000,22542,0,22542,43,0,0,0
rawA_dpdk,1024,5.00,60840,1836585,1836585,0.0000,59.445,60.000,62.000,62.000,272.000,28137,0,28137,69,0,0,0
rawA_dpdk,1024,6.00,72995,2203749,2203749,0.0000,59.427,60.000,60.000,62.000,68.000,33765,0,33765,30,0,0,0
rawA_dpdk,1024,8.00,97305,2938262,2938262,0.0000,59.433,60.000,60.000,62.000,84.000,45014,0,45014,30,0,0,0
rawA_dpdk,1024,10.00,121624,3672906,3672906,0.0000,59.441,60.000,60.000,62.000,78.000,56266,0,56266,28,0,0,0
rawA_dpdk,1024,12.00,144939,4373805,4373805,0.0000,60.187,108.000,108.000,110.000,468.000,33773,0,33773,31,0,0,0
rawA_dpdk,1024,15.00,181116,5467430,5467430,0.0000,59.820,108.000,108.000,110.000,554.000,42214,0,42214,29,0,0,0
rawA_dpdk,1024,20.00,241488,7289804,7289804,0.0000,61.368,108.000,108.000,110.000,1196.000,56268,0,56268,40,0,0,0
rawA_dpdk,1024,30.00,361176,10906507,10906507,0.0000,59.423,60.000,60.000,62.000,1694.000,56267,0,56267,42,0,0,0
rawA_dpdk,1280,1.00,9750,294756,294756,0.0000,72.888,74.000,74.000,74.000,80.000,4516,0,4516,1,0,0,0
rawA_dpdk,1280,2.00,25480,589446,589446,0.0000,72.879,74.000,74.000,74.000,78.000,9030,0,9030,9,0,0,0
rawA_dpdk,1280,3.00,29250,884201,884201,0.0000,72.838,74.000,74.000,74.000,110.000,13545,0,13545,19,0,0,0
rawA_dpdk,1280,4.00,39000,1179026,1179026,0.0000,72.875,74.000,74.000,74.000,92.000,18066,0,18066,14,0,0,0
rawA_dpdk,1280,5.00,48815,1473652,1473652,0.0000,72.871,74.000,74.000,74.000,102.000,22580,0,22580,24,0,0,0
rawA_dpdk,1280,6.00,58565,1768408,1768408,0.0000,72.868,74.000,74.000,74.000,86.000,27096,0,27096,12,0,0,0
rawA_dpdk,1280,8.00,78065,2357984,2357984,0.0000,72.851,74.000,74.000,74.000,88.000,36128,0,36128,22,0,0,0
rawA_dpdk,1280,10.00,97655,2947492,2947492,0.0000,72.858,74.000,74.000,74.000,134.000,45156,0,45156,45,0,0,0
rawA_dpdk,1280,12.00,117130,3536801,3536801,0.0000,72.856,74.000,74.000,74.000,134.000,54177,0,54177,54,0,0,0
rawA_dpdk,1280,15.00,179181,4387288,4387288,0.0000,73.163,134.000,134.000,136.000,2108.000,33880,0,33880,22,0,0,0
rawA_dpdk,1280,20.00,193758,5849837,5849837,0.0000,74.101,134.000,134.000,136.000,2108.000,45165,0,45165,17,0,0,0
rawA_dpdk,1280,30.00,289898,8752052,8750067,0.0227,72.842,74.000,74.000,74.000,2110.000,45160,1,45160,35,1985,0,0
rawA_dpdk,1514,1.00,8316,249584,249584,0.0000,85.119,86.000,86.000,88.000,92.000,3824,0,3824,1,0,0,0
rawA_dpdk,1514,2.00,16510,499297,499297,0.0000,85.060,86.000,86.000,88.000,92.000,7649,0,7649,9,0,0,0
rawA_dpdk,1514,3.00,24830,748946,748946,0.0000,85.072,86.000,86.000,88.000,164.000,11474,0,11474,26,0,0,0
rawA_dpdk,1514,4.00,33085,998597,998597,0.0000,85.051,86.000,86.000,86.000,108.000,15301,0,15301,19,0,0,0
rawA_dpdk,1514,5.00,41340,1248311,1248311,0.0000,85.044,86.000,86.000,86.000,106.000,19127,0,19127,15,0,0,0
rawA_dpdk,1514,6.00,49595,1497960,1497960,0.0000,85.028,86.000,86.000,86.000,314.000,22952,0,22952,39,0,0,0
rawA_dpdk,1514,8.00,66143,1997322,1997322,0.0000,85.061,86.000,86.000,86.000,124.000,30602,0,30602,30,0,0,0
rawA_dpdk,1514,10.00,82745,2496682,2496682,0.0000,85.030,86.000,86.000,86.000,94.000,38250,0,38250,21,0,0,0
rawA_dpdk,1514,12.00,128960,2996042,2996042,0.0000,85.036,86.000,86.000,86.000,114.000,45898,0,45898,33,0,0,0
rawA_dpdk,1514,15.00,124083,3745042,3745042,0.0000,85.034,86.000,86.000,86.000,102.000,57362,0,57362,27,0,0,0
rawA_dpdk,1514,20.00,164088,4954992,4954992,0.0000,87.049,158.000,160.000,160.000,2486.000,38256,0,38256,38,0,0,0
rawA_dpdk,1514,30.00,246167,7432521,7432521,0.0000,86.545,158.000,160.000,160.000,2502.000,57353,0,57353,38,0,0,0
rawB_capio,64,1.00,156993,4746277,4745966,0.0066,18.768,40.000,40.000,40.000,70.000,36581,32,36581,57,0,0,0
rawB_capio,64,2.00,408773,9454024,9453680,0.0036,20.329,32.000,32.000,34.000,44.000,48774,1,48774,25,0,0,0
rawB_capio,64,3.00,469025,14169499,14166360,0.0222,5.991,40.000,40.000,40.000,422.000,54731,37,54731,89,2218,0,0
rawB_capio,64,4.00,624987,18866455,18825220,0.2186,20.317,32.000,32.000,34.000,116.000,58390,4,58390,49,40244,0,0
rawB_capio,64,5.00,780362,23561308,23559308,0.0085,20.379,32.000,32.000,34.000,72.000,52249,1,52249,14,611,0,0
rawB_capio,64,6.00,936225,28264840,28261600,0.0115,20.777,40.000,40.000,40.000,510.000,54821,17,54821,8,1463,0,0
rawB_capio,64,8.00,1247837,37675987,37673233,0.0073,20.921,40.000,40.000,40.000,514.000,58453,31,58453,27,221,0,0
rawB_capio,64,10.00,1559247,47074502,47066596,0.0168,20.305,32.000,32.000,34.000,518.000,56248,6,56248,17,4871,0,0
rawB_capio,64,12.00,1870811,56479940,56475805,0.0073,4.915,32.000,32.000,34.000,518.000,58498,1,58498,15,92,0,0
rawB_capio,64,15.00,2337900,70585811,70571559,0.0202,20.214,32.000,32.000,34.000,520.000,57737,3,57737,19,8277,0,0
rawB_capio,64,20.00,3116681,94095856,94084723,0.0118,20.608,34.000,34.000,36.000,524.000,58474,3,58474,20,3123,0,0
rawB_capio,64,30.00,4674008,141113129,141062982,0.0355,20.934,32.000,516.000,522.000,524.000,58022,32,58022,25,13027,0,0
rawB_capio,128,1.00,114660,2652670,2652659,0.0004,20.422,32.000,32.000,34.000,36.000,40638,0,40638,4,0,0,0
rawB_capio,128,2.00,174408,5265087,5264775,0.0059,20.879,40.000,40.000,42.000,44.000,40593,23,40593,17,0,0,0
rawB_capio,128,3.00,260871,7876998,7876639,0.0046,20.422,32.000,32.000,34.000,44.000,40646,0,40646,12,0,0,0
rawB_capio,128,4.00,454001,10504044,10487774,0.1549,20.439,32.000,32.000,34.000,66.000,54103,2,54103,50,15855,0,0
rawB_capio,128,5.00,434330,13176374,13073550,0.7804,20.908,40.000,40.000,42.000,506.000,50549,40,50549,84,102032,0,0
rawB_capio,128,6.00,520727,15721242,15720509,0.0047,5.165,32.000,32.000,34.000,42.000,48730,0,48730,9,0,0,0
rawB_capio,128,8.00,693899,20950442,20948752,0.0081,12.368,40.000,40.000,42.000,50.000,54084,51,54084,13,224,0,0
rawB_capio,128,10.00,867147,26178563,26176799,0.0067,20.523,32.000,32.000,34.000,60.000,58049,1,58049,6,351,0,0
rawB_capio,128,12.00,0,31399661,31397796,0.0059,20.504,32.000,32.000,34.000,484.000,54185,2,54185,9,0,0,0
rawB_capio,128,15.00,1299635,39236862,39232946,0.0100,20.454,32.000,32.000,34.000,490.000,55419,1,55419,6,1684,0,0
rawB_capio,128,20.00,1732235,52299524,52295878,0.0070,21.093,40.000,40.000,42.000,490.000,57954,49,57954,8,29,0,0
rawB_capio,128,30.00,0,78418627,78409087,0.0122,20.543,32.000,32.000,34.000,496.000,58045,2,58045,7,3796,0,0
rawB_capio,256,1.00,46540,1404363,1404363,0.0000,22.145,34.000,34.000,34.000,36.000,21515,0,21515,6,0,0,0
rawB_capio,256,2.00,93015,2808788,2808786,0.0001,22.249,34.000,34.000,34.000,38.000,43026,1,43026,15,0,0,0
rawB_capio,256,3.00,138546,4180948,4180948,0.0000,23.340,42.000,42.000,44.000,48.000,32276,0,32276,4,0,0,0
rawB_capio,256,4.00,184630,5574360,5574360,0.0000,24.247,42.000,42.000,44.000,44.000,43032,0,43032,9,0,0,0
rawB_capio,256,5.00,230845,7230950,6426500,11.1251,4.951,42.000,42.000,44.000,8192.000,49341,30,49341,570,804450,0,0
rawB_capio,256,6.00,276246,8362934,8333077,0.3570,5.308,34.000,34.000,36.000,1118.000,42681,6,42681,247,29857,0,0
rawB_capio,256,8.00,368351,11120319,11120319,0.0000,22.046,34.000,34.000,34.000,46.000,57343,0,57343,9,0,0,0
rawB_capio,256,10.00,459836,13882130,13882064,0.0005,22.793,42.000,42.000,44.000,62.000,53776,1,53776,11,0,0,0
rawB_capio,256,12.00,551348,16645852,16645600,0.0015,22.099,34.000,34.000,34.000,44.000,51610,1,51610,9,252,0,0
rawB_capio,256,15.00,688893,20796697,20796498,0.0010,5.315,42.000,42.000,44.000,62.000,53783,1,53783,11,0,0,0
rawB_capio,256,20.00,917886,27710370,27708628,0.0063,5.021,42.000,42.000,44.000,452.000,53789,1,53789,15,1742,0,0
rawB_capio,256,30.00,1376032,41545330,41541545,0.0091,22.058,34.000,34.000,34.000,452.000,58666,2,58666,19,3785,0,0
rawB_capio,512,1.00,23985,723532,723532,0.0000,32.829,34.000,34.000,36.000,48.000,11084,0,11084,8,0,0,0
rawB_capio,512,2.00,47905,1447760,1447760,0.0000,32.792,34.000,34.000,36.000,422.000,22160,0,22160,83,0,0,0
rawB_capio,512,3.00,71890,2170468,2170462,0.0003,32.741,34.000,34.000,34.000,36.000,33250,1,33250,12,0,0,0
rawB_capio,512,4.00,128310,2893801,2893801,0.0000,32.767,34.000,34.000,34.000,56.000,44329,0,44329,33,0,0,0
rawB_capio,512,5.00,119794,3617385,3617385,0.0000,32.772,34.000,34.000,34.000,44.000,55401,0,55401,9,0,0,0
rawB_capio,512,6.00,142674,4307688,4307680,0.0002,32.963,56.000,56.000,56.000,66.000,33256,0,33256,6,0,0,0
rawB_capio,512,8.00,255162,5743278,5743261,0.0003,4.968,56.000,56.000,56.000,66.000,44332,1,44332,7,0,0,0
rawB_capio,512,10.00,237747,7179126,7179126,0.0000,32.893,56.000,56.000,56.000,62.000,55414,0,55414,10,0,0,0
rawB_capio,512,12.00,284610,8592885,8592852,0.0004,32.791,34.000,34.000,34.000,56.000,44341,0,44341,9,0,0,0
rawB_capio,512,15.00,355699,10741179,10741163,0.0001,32.780,34.000,34.000,34.000,56.000,55419,0,55419,6,0,0,0
rawB_capio,512,20.00,473780,14302839,14302387,0.0032,34.384,56.000,56.000,56.000,862.000,55412,1,55412,12,435,0,0
rawB_capio,512,30.00,709684,21426934,21426900,0.0002,32.919,56.000,56.000,56.000,864.000,55414,0,55414,22,0,0,0
rawB_capio,1024,1.00,12155,367291,367291,0.0000,59.314,60.000,60.000,62.000,62.000,5627,0,5627,7,0,0,0
rawB_capio,1024,2.00,24375,734582,734582,0.0000,59.303,60.000,60.000,62.000,62.000,11254,0,11254,7,0,0,0
rawB_capio,1024,3.00,0,1102005,1102005,0.0000,59.288,60.000,60.000,62.000,68.000,16885,0,16885,6,0,0,0
rawB_capio,1024,4.00,48620,1471494,1471494,0.0000,59.288,60.000,60.000,62.000,492.000,22534,0,22534,61,0,0,0
rawB_capio,1024,5.00,60840,1836588,1836583,0.0003,59.319,60.000,60.000,62.000,76.000,28138,1,28138,16,0,0,0
rawB_capio,1024,6.00,73010,2203802,2203800,0.0001,59.261,60.000,60.000,62.000,1694.000,33752,1,33752,66,0,0,0
rawB_capio,1024,8.00,97370,2938455,2938455,0.0000,59.276,60.000,60.000,62.000,82.000,45015,0,45015,17,0,0,0
rawB_capio,1024,10.00,121680,3672964,3672964,0.0000,59.276,60.000,60.000,62.000,66.000,56260,0,56260,13,0,0,0
rawB_capio,1024,12.00,144867,4374448,4374448,0.0000,59.514,108.000,108.000,108.000,146.000,33776,0,33776,9,0,0,0
rawB_capio,1024,15.00,181116,5467364,5467364,0.0000,59.547,108.000,108.000,108.000,158.000,42212,0,42212,11,0,0,0
rawB_capio,1024,20.00,241488,7289736,7289736,0.0000,59.498,108.000,108.000,108.000,1252.000,56264,0,56264,12,0,0,0
rawB_capio,1024,30.00,361295,10906375,10906375,0.0000,59.274,60.000,60.000,62.000,1694.000,56263,0,56263,15,0,0,0
rawB_capio,1280,1.00,9751,294756,294756,0.0000,72.785,74.000,74.000,74.000,76.000,4516,0,4516,3,0,0,0
rawB_capio,1280,2.00,26520,589446,589446,0.0000,72.808,74.000,74.000,74.000,136.000,9030,0,9030,14,0,0,0
rawB_capio,1280,3.00,29315,884204,884204,0.0000,72.777,74.000,74.000,74.000,76.000,13548,0,13548,6,0,0,0
rawB_capio,1280,4.00,39065,1179026,1179026,0.0000,72.782,74.000,74.000,74.000,80.000,18066,0,18066,6,0,0,0
rawB_capio,1280,5.00,48815,1473782,1473782,0.0000,72.798,74.000,74.000,74.000,102.000,22582,0,22582,23,0,0,0
rawB_capio,1280,6.00,58565,1768408,1768408,0.0000,72.779,74.000,74.000,74.000,80.000,27096,0,27096,4,0,0,0
rawB_capio,1280,8.00,78065,2357984,2357984,0.0000,72.775,74.000,74.000,74.000,86.000,36128,0,36128,18,0,0,0
rawB_capio,1280,10.00,97643,2947553,2947553,0.0000,72.786,74.000,74.000,74.000,80.000,45153,0,45153,21,0,0,0
rawB_capio,1280,12.00,117195,3536992,3536992,0.0000,72.766,74.000,74.000,74.000,80.000,54176,0,54176,26,0,0,0
rawB_capio,1280,15.00,0,4387356,4387356,0.0000,72.916,134.000,134.000,136.000,2106.000,33884,0,33884,33,0,0,0
rawB_capio,1280,20.00,193768,5849707,5849707,0.0000,72.957,134.000,134.000,136.000,2108.000,45163,0,45163,20,0,0,0
rawB_capio,1280,30.00,289890,8752117,8752117,0.0000,72.774,74.000,74.000,74.000,2110.000,45173,0,45173,27,0,0,0
rawB_capio,1514,1.00,8320,249714,249714,0.0000,85.074,86.000,88.000,104.000,8192.000,3826,0,3826,20,0,0,0
rawB_capio,1514,2.00,22165,499362,499362,0.0000,85.031,86.000,88.000,100.000,114.000,7650,0,7650,5,0,0,0
rawB_capio,1514,3.00,24830,749272,749272,0.0000,85.026,86.000,86.000,100.000,112.000,11480,0,11480,4,0,0,0
rawB_capio,1514,4.00,33085,998792,998792,0.0000,85.001,86.000,86.000,100.000,120.000,15304,0,15304,15,0,0,0
rawB_capio,1514,5.00,41340,1248571,1248571,0.0000,85.004,86.000,86.000,100.000,132.000,19131,0,19131,23,0,0,0
rawB_capio,1514,6.00,49660,1499520,1499520,0.0000,85.000,86.000,86.000,102.000,2042.000,22976,0,22976,54,0,0,0
rawB_capio,1514,8.00,66105,1997514,1997514,0.0000,84.979,86.000,86.000,100.000,120.000,30602,0,30602,22,0,0,0
rawB_capio,1514,10.00,82745,2497947,2497947,0.0000,84.979,86.000,86.000,100.000,120.000,38235,0,38235,26,0,0,0
rawB_capio,1514,12.00,99239,2996343,2996343,0.0000,84.969,86.000,86.000,100.000,158.000,45879,0,45879,56,0,0,0
rawB_capio,1514,15.00,124084,3745491,3745491,0.0000,84.972,86.000,86.000,100.000,144.000,57363,0,57363,51,0,0,0
rawB_capio,1514,20.00,164088,4956347,4956347,0.0000,85.206,158.000,160.000,176.000,2504.000,38267,0,38267,28,0,0,0
rawB_capio,1514,30.00,246187,7433613,7433613,0.0000,85.132,158.000,160.000,176.000,2510.000,57357,0,57357,55,0,0,0
